Day,Len,State,EV,Dem,GOP,Ind,Date,,,,,,,,Pollster
312.0,1,Alabama,9,35,63,,Nov 07,,,,,,,,Election 2020-1
299.5,6,Alabama,9,39,58,,Oct 28,,,,,,,,Auburn U. at Montgomery-6
275.5,4,Alabama,9,37,57,,Oct 03,,,,,,,,Auburn U. at Montgomery-4
210.5,10,Alabama,9,36,58,,Aug 02,,,,,,,,Morning Consult-10
187.5,8,Alabama,9,41,55,,Jul 09,,,,,,,,Auburn U. at Montgomery-8
 36.0,3,Alabama,9,38,58,,Feb 06,,,,,,,,Mason-Dixon-3
312.0,1,Alaska,3,35,61,,Nov 07,,,,,,,,Election 2020-1
293.5,2,Alaska,3,45,50,,Oct 20,,,,,,,,PPP-2
285.5,6,Alaska,3,39,45,,Oct 14,,,,,,,,Siena Coll.-6
273.5,10,Alaska,3,46,50,,Oct 04,,,,,,,,Alaska Survey Research-10
205.5,2,Alaska,3,44,50,,Jul 24,,,,,,,,PPP-2
189.5,2,Alaska,3,45,48,,Jul 08,,,,,,,,PPP-2
182.0,15,Alaska,3,48,49,,Jul 07,,,,,,,,Alaska Survey Research-15
312.0,1,Arizona,11,52,47,,Nov 07,,,,,,,,Election 2020-1
304.5,2,Arizona,11,48,50,,Oct 31,,,,,,,,AtlasIntel-2
304.5,4,Arizona,11,48,48,,Nov 01,,,,,,,,Marist Coll.-4
304.0,3,Arizona,11,48,46,,Oct 31,,,,,,,,Emerson Coll.-3
304.0,7,Arizona,11,50,48,,Nov 02,,,,,,,,Ipsos-7
302.0,3,Arizona,11,45,49,,Oct 29,,,,,,,,Pulse Opinion Research-3
302.0,5,Arizona,11,49,43,,Oct 30,,,,,,,,Siena Coll.-5
301.5,4,Arizona,11,50,46,,Oct 29,,,,,,,,Redfield and Wilton Strategies-4
300.5,8,Arizona,11,50,46,,Oct 30,,,,,,,,SSRS-8
300.5,10,Arizona,11,48,46,,Oct 31,,,,,,,,Morning Consult-10
298.0,7,Arizona,11,48,46,,Oct 27,,,,,,,,Ipsos-7
297.5,4,Arizona,11,49,43,,Oct 25,,,,,,,,The Justice Collaborative Inst.-4
297.5,4,Arizona,11,49,46,,Oct 25,,,,,,,,OH Predictive Insights-4
295.0,9,Arizona,11,50,45,,Oct 25,,,,,,,,Latino Decisions-9
293.5,10,Arizona,11,50,47,,Oct 24,,,,,,,,Y2 Analytics-10
292.5,2,Arizona,11,48,46,,Oct 19,,,,,,,,Pulse Opinion Research-2
291.5,8,Arizona,11,49,46,,Oct 21,,,,,,,,Ipsos-8
290.5,6,Arizona,11,47,46,,Oct 19,,,,,,,,RMG Research-6
289.5,10,Arizona,11,47,48,,Oct 20,,,,,,,,Morning Consult-10
288.5,4,Arizona,11,50,47,,Oct 16,,,,,,,,YouGov-4
285.5,4,Arizona,11,48,45,,Oct 13,,,,,,,,Redfield and Wilton Strategies-4
285.0,5,Arizona,11,51,44,,Oct 13,,,,,,,,Monmouth U.-5
284.5,8,Arizona,11,50,46,,Oct 14,,,,,,,,Ipsos-8
280.5,10,Arizona,11,49,46,,Oct 11,,,,,,,,Morning Consult-10
280.0,5,Arizona,11,50,47,,Oct 08,,,,,,,,OH Predictive Insights-5
279.5,4,Arizona,11,49,43,,Oct 07,,,,,,,,Redfield and Wilton Strategies-4
277.0,9,Arizona,11,48,46,,Oct 07,,,,,,,,Ipsos-9
276.0,3,Arizona,11,49,41,,Oct 03,,,,,,,,Siena Coll.-3
276.0,9,Arizona,11,48,45,,Oct 06,,,,,,,,Latino Decisions-9
275.5,8,Arizona,11,46,45,,Oct 05,,,,,,,,High Ground Inc.-8
272.0,5,Arizona,11,50,46,,Sep 30,,,,,,,,Suffolk U.-5
270.5,6,Arizona,11,49,45,,Sep 29,,,,,,,,Strategies 360-6
268.5,4,Arizona,11,47,44,,Sep 26,,,,,,,,Redfield and Wilton Strategies-4
261.5,6,Arizona,11,48,49,,Sep 20,,,,,,,,Langer Research-6
258.0,5,Arizona,11,47,42,,Sep 16,,,,,,,,Redfield and Wilton Strategies-5
258.0,7,Arizona,11,47,46,,Sep 17,,,,,,,,Ipsos-7
257.0,5,Arizona,11,48,46,,Sep 15,,,,,,,,Monmouth U.-5
256.5,6,Arizona,11,49,40,,Sep 15,,,,,,,,Siena Coll.-6
254.0,3,Arizona,11,47,44,,Sep 11,,,,,,,,YouGov-3
253.0,3,Arizona,11,52,42,,Sep 10,,,,,,,,OH Predictive Insights-3
249.5,16,Arizona,11,45,40,,Sep 13,,,,,,,,Kaiser/Cook-16
246.5,12,Arizona,11,48,47,,Sep 08,,,,,,,,Benenson Strategy/GS Strategy-12
245.5,6,Arizona,11,48,43,,Sep 04,,,,,,,,Redfield and Wilton Strategies-6
243.5,4,Arizona,11,49,40,,Sep 01,,,,,,,,Fox News-4
238.5,10,Arizona,11,52,42,,Aug 30,,,,,,,,Morning Consult-10
230.0,3,Arizona,11,47,38,,Aug 18,,,,,,,,Redfield and Wilton Strategies-3
222.0,3,Arizona,11,53,47,,Aug 10,,,,,,,,Emerson Coll.-3
216.5,2,Arizona,11,49,45,,Aug 04,,,,,,,,OH Predictive Insights-2
203.5,10,Arizona,11,49,42,,Jul 26,,,,,,,,Morning Consult-10
203.0,5,Arizona,11,46,38,,Jul 23,,,,,,,,Redfield and Wilton Strategies-5
203.0,7,Arizona,11,49,45,,Jul 24,,,,,,,,SSRS-7
200.0,9,Arizona,11,50,45,,Jul 22,,,,,,,,Marist Coll.-9
199.5,2,Arizona,11,49,45,,Jul 18,,,,,,,,PPP-2
190.5,4,Arizona,11,46,46,,Jul 10,,,,,,,,YouGov-4
188.5,2,Arizona,11,49,44,,Jul 07,,,,,,,,OH Predictive Insights-2
167.5,4,Arizona,11,43,39,,Jun 17,,,,,,,,Redfield and Wilton Strategies-4
166.0,3,Arizona,11,49,45,,Jun 15,,,,,,,,Civiqs-3
164.0,9,Arizona,11,48,41,,Jun 16,,,,,,,,Siena Coll.-9
152.5,4,Arizona,11,46,42,,Jun 02,,,,,,,,Fox News-4
141.0,5,Arizona,11,47,45,,May 22,,,,,,,,High Ground Inc.-5
133.0,5,Arizona,11,45,41,,May 14,,,,,,,,Redfield and Wilton Strategies-5
131.0,3,Arizona,11,50,43,,May 11,,,,,,,,OH Predictive Insights-3
 98.5,2,Arizona,11,52,43,,Apr 08,,,,,,,,OH Predictive Insights-2
 72.5,4,Arizona,11,46,43,,Mar 14,,,,,,,,Monmouth U.-4
 72.5,6,Arizona,11,47,46,,Mar 15,,,,,,,,Marist Coll.-6
 68.5,6,Arizona,11,50,42,,Mar 11,,,,,,,,Latino Decisions-6
 63.5,2,Arizona,11,49,43,,Mar 04,,,,,,,,OH Predictive Insights-2
 62.5,2,Arizona,11,48,47,,Mar 03,,,,,,,,PPP-2
 44.0,5,Arizona,11,42,46,,Feb 15,,,,,,,,Climate Nexus-5
  3.0,3,Arizona,11,46,46,,Jan 04,,,,,,,,PPP-3
312.0,1,Arkansas,6,35,63,,Nov 07,,,,,,,,Election 2020-1
289.0,13,Arkansas,6,32,65,,Oct 21,,,,,,,,U. of Arkansas-13
286.0,3,Arkansas,6,34,58,,Oct 13,,,,,,,,Hendrix Coll.-3
161.5,2,Arkansas,6,45,47,,Jun 10,,,,,,,,Hendrix Coll.-2
312.0,1,California,55,65,33,,Nov 07,,,,,,,,Election 2020-1
292.5,6,California,55,65,29,,Oct 21,,,,,,,,U. of Calif. at Berkeley-6
287.5,10,California,55,58,32,,Oct 18,,,,,,,,Public Policy Inst. of Calif.-10
271.0,3,California,55,59,32,,Sep 28,,,,,,,,SurveyUSA-3
264.0,3,California,55,62,28,,Sep 21,,,,,,,,Redfield and Wilton Strategies-3
256.0,7,California,55,67,28,,Sep 15,,,,,,,,U. of Calif. at Berkeley-7
252.5,10,California,55,60,31,,Sep 13,,,,,,,,Public Policy Inst. of Calif.-10
225.0,1,California,55,56,28,,Aug 12,,,,,,,,SurveyUSA-1
222.0,1,California,55,61,25,,Aug 09,,,,,,,,Redfield and Wilton Strategies-1
206.0,7,California,55,67,28,,Jul 27,,,,,,,,U.C. Berkeley-7
142.5,10,California,55,57,33,,May 26,,,,,,,,Public Policy Inst. of Calif.-10
139.5,2,California,55,58,30,,May 19,,,,,,,,SurveyUSA-2
129.5,2,California,55,65,35,,May 09,,,,,,,,Emerson Coll.-2
 88.5,2,California,55,67,29,,Mar 29,,,,,,,,PPP-2
 58.5,8,California,55,62,26,,Mar 02,,,,,,,,AtlasIntel-8
 58.0,3,California,55,59,31,,Feb 28,,,,,,,,YouGov-3
 55.0,5,California,55,60,35,,Feb 26,,,,,,,,SSRS-5
 53.5,6,California,55,58,31,,Feb 25,,,,,,,,U. of California-6
 45.5,4,California,55,57,37,,Feb 16,,,,,,,,SurveyUSA-4
 39.0,15,California,55,60,30,,Feb 15,,,,,,,,YouGov-15
 15.0,3,California,55,59,35,,Jan 16,,,,,,,,SurveyUSA-3
312.0,1,Colorado,9,56,42,,Nov 07,,,,,,,,Election 2020-1
304.5,4,Colorado,9,53,41,,Nov 01,,,,,,,,Keating/Onsight/Melanson-4
300.5,10,Colorado,9,54,41,,Oct 31,,,,,,,,Morning Consult-10
289.5,10,Colorado,9,55,39,,Oct 20,,,,,,,,Morning Consult-10
288.0,5,Colorado,9,55,38,,Oct 16,,,,,,,,RBI Strategies-5
286.5,4,Colorado,9,54,42,,Oct 14,,,,,,,,Civiqs-4
286.0,7,Colorado,9,51,43,,Oct 15,,,,,,,,RMG Research-7
284.5,6,Colorado,9,54,39,,Oct 13,,,,,,,,Keating/Onsight/Melanson-6
281.0,5,Colorado,9,47,38,,Oct 09,,,,,,,,YouGov-5
280.5,10,Colorado,9,54,40,,Oct 11,,,,,,,,Morning Consult-10
277.5,6,Colorado,9,50,40,,Oct 06,,,,,,,,SurveyUSA-6
246.0,7,Colorado,9,50,40,,Sep 05,,,,,,,,Fabrizio Ward/Hart Research-7
238.5,10,Colorado,9,51,41,,Aug 30,,,,,,,,Morning Consult-10
205.5,2,Colorado,9,54,41,,Jul 24,,,,,,,,PPP-2
203.5,10,Colorado,9,52,39,,Jul 26,,,,,,,,Morning Consult-10
181.5,2,Colorado,9,56,39,,Jun 30,,,,,,,,PPP-2
130.0,5,Colorado,9,53,40,,May 11,,,,,,,,Global Strategy-5
105.5,10,Colorado,9,53,35,,Apr 19,,,,,,,,Montana State U.-10
 48.0,5,Colorado,9,46,43,,Feb 19,,,,,,,,Climate Nexus-5
312.0,1,Connecticut,7,59,40,,Nov 07,,,,,,,,Election 2020-1
288.5,14,Connecticut,7,51,26,,Oct 21,,,,,,,,Sacred Heart University-14
142.5,6,Connecticut,7,52,32,,May 24,,,,,,,,SurveyUSA-6
123.0,5,Connecticut,7,56,33,,May 04,,,,,,,,Quinnipiac U.-5
 89.0,11,Connecticut,7,47,34,,Apr 03,,,,,,,,Sacred Heart U.-11
 63.5,18,Connecticut,7,52,36,,Mar 12,,,,,,,,Sacred Heart U.-18
312.0,1,D.C.,3,93,6,,Nov 07,,,,,,,,Election 2020-1
  2.0,1,D.C.,3,93,4,,Jan 02,,,,,,,,Election 2016-1
312.0,1,Delaware,3,59,40,,Nov 07,,,,,,,,Election 2020-1
268.0,7,Delaware,3,54,33,,Sep 27,,,,,,,,U. of Delaware-7
234.5,2,Delaware,3,58,37,,Aug 22,,,,,,,,PPP-2
 17.5,4,Delaware,3,56,40,,Jan 19,,,,,,,,Gonzales Research-4
312.0,1,Florida,29,48,51,,Nov 07,,,,,,,,Election 2020-1
305.0,3,Florida,29,45,43,,Nov 01,,,,,,,,AYTM-3
304.0,3,Florida,29,48,47,,Oct 31,,,,,,,,Pulse Opinion Research-3
304.0,5,Florida,29,47,42,,Nov 01,,,,,,,,Quinnipiac U.-5
303.5,2,Florida,29,49,48,,Oct 30,,,,,,,,St. Pete polls-2
303.5,2,Florida,29,52,46,,Oct 30,,,,,,,,Emerson Coll.-2
303.5,6,Florida,29,50,46,,Nov 01,,,,,,,,Ipsos-6
303.0,3,Florida,29,51,47,,Oct 30,,,,,,,,RMG Research-3
303.0,5,Florida,29,47,44,,Oct 31,,,,,,,,Siena Coll.-5
302.5,2,Florida,29,49,49,,Oct 29,,,,,,,,AtlasIntel-2
302.5,2,Florida,29,52,45,,Oct 29,,,,,,,,PPP-2
301.5,2,Florida,29,50,46,,Oct 28,,,,,,,,Redfield and Wilton Strategies-2
301.5,4,Florida,29,50,47,,Oct 29,,,,,,,,HarrisX-4
300.5,6,Florida,29,48,50,,Oct 29,,,,,,,,Langer Research-6
300.5,10,Florida,29,52,45,,Oct 31,,,,,,,,Morning Consult-10
300.0,3,Florida,29,51,47,,Oct 27,,,,,,,,Marist Coll.-3
300.0,5,Florida,29,51,45,,Oct 28,,,,,,,,Monmouth U.-5
299.0,5,Florida,29,45,42,,Oct 27,,,,,,,,Quinnipiac U.-5
298.5,2,Florida,29,50,48,,Oct 25,,,,,,,,Florida Atlantic U.-2
298.0,7,Florida,29,49,47,,Oct 27,,,,,,,,Ipsos-7
295.5,2,Florida,29,49,47,,Oct 22,,,,,,,,St. Pete polls-2
295.5,4,Florida,29,50,48,,Oct 23,,,,,,,,YouGov-4
295.0,3,Florida,29,50,48,,Oct 22,,,,,,,,RMG Research-3
295.0,9,Florida,29,49,46,,Oct 25,,,,,,,,Latino Decisions-9
295.0,11,Florida,29,48,46,,Oct 26,,,,,,,,YouGov-11
294.5,2,Florida,29,46,50,,Oct 21,,,,,,,,Pulse Opinion Research-2
292.5,4,Florida,29,50,45,,Oct 20,,,,,,,,Citizen Data-4
292.5,4,Florida,29,51,47,,Oct 20,,,,,,,,Civiqs-4
291.5,6,Florida,29,50,46,,Oct 20,,,,,,,,SSRS-6
291.0,7,Florida,29,50,46,,Oct 20,,,,,,,,Ipsos-7
289.5,10,Florida,29,52,45,,Oct 20,,,,,,,,Morning Consult-10
288.0,5,Florida,29,48,47,,Oct 16,,,,,,,,U. of North Florida-5
287.5,4,Florida,29,48,48,,Oct 15,,,,,,,,HarrisX-4
285.5,2,Florida,29,49,47,,Oct 12,,,,,,,,St. Pete polls-2
285.5,4,Florida,29,50,44,,Oct 13,,,,,,,,Redfield and Wilton Strategies-4
285.0,3,Florida,29,51,48,,Oct 12,,,,,,,,Emerson Coll.-3
284.5,8,Florida,29,49,47,,Oct 14,,,,,,,,Ipsos-8
284.0,3,Florida,29,51,47,,Oct 11,,,,,,,,Florida Atlantic U.-3
284.0,5,Florida,29,48,45,,Oct 12,,,,,,,,Mason Dixon-5
283.5,6,Florida,29,47,40,,Oct 12,,,,,,,,Clearview Research-6
280.5,10,Florida,29,51,46,,Oct 11,,,,,,,,Morning Consult-10
280.0,5,Florida,29,48,46,,Oct 08,,,,,,,,RMG Research-5
279.0,3,Florida,29,49,44,,Oct 06,,,,,,,,Redfield and Wilton Strategies-3
277.0,5,Florida,29,51,40,,Oct 05,,,,,,,,Quinnipiac U.-5
277.0,9,Florida,29,49,45,,Oct 07,,,,,,,,Ipsos-9
276.5,4,Florida,29,45,45,,Oct 04,,,,,,,,Suffolk U.-4
276.5,4,Florida,29,51,45,,Oct 04,,,,,,,,U. of North Florida-4
274.5,2,Florida,29,47,42,,Oct 01,,,,,,,,Siena Coll.-2
273.5,6,Florida,29,50,44,,Oct 02,,,,,,,,St. Leo University-6
268.0,3,Florida,29,48,43,,Sep 25,,,,,,,,Redfield and Wilton Strategies-3
265.5,2,Florida,29,50,47,,Sep 22,,,,,,,,St. Pete polls-2
261.5,6,Florida,29,47,51,,Sep 20,,,,,,,,Langer Research-6
260.5,4,Florida,29,48,46,,Sep 18,,,,,,,,YouGov-4
257.5,6,Florida,29,47,47,,Sep 16,,,,,,,,Ipsos-6
257.0,3,Florida,29,47,44,,Sep 14,,,,,,,,Redfield and Wilton Strategies-3
255.5,2,Florida,29,50,50,,Sep 12,,,,,,,,Florida Atlantic U.-2
255.5,4,Florida,29,50,45,,Sep 13,,,,,,,,Monmouth U.-4
251.5,2,Florida,29,50,47,,Sep 08,,,,,,,,St. Pete polls-2
249.5,16,Florida,29,43,42,,Sep 13,,,,,,,,Kaiser/Cook-16
247.5,10,Florida,29,48,46,,Sep 08,,,,,,,,Benenson Strategy/GS Strategy-10
247.0,7,Florida,29,48,48,,Sep 06,,,,,,,,Marist Coll.-7
245.0,5,Florida,29,47,44,,Sep 03,,,,,,,,Redfield and Wilton Strategies-5
243.0,5,Florida,29,48,45,,Sep 01,,,,,,,,Quinnipiac U.-5
238.5,10,Florida,29,49,47,,Aug 30,,,,,,,,Morning Consult-10
236.5,6,Florida,29,50,43,,Aug 26,,,,,,,,Opinium-6
234.5,2,Florida,29,48,44,,Aug 22,,,,,,,,PPP-2
229.0,1,Florida,29,49,41,,Aug 16,,,,,,,,Redfield and Wilton Strategies-1
204.0,3,Florida,29,43,43,,Jul 23,,,,,,,,Zogby Analytics-3
203.5,4,Florida,29,50,46,,Jul 23,,,,,,,,Mason Dixon-4
203.5,10,Florida,29,49,46,,Jul 26,,,,,,,,Morning Consult-10
203.0,7,Florida,29,51,46,,Jul 24,,,,,,,,SSRS-7
202.0,3,Florida,29,48,41,,Jul 21,,,,,,,,Redfield and Wilton Strategies-3
200.0,5,Florida,29,51,38,,Jul 20,,,,,,,,Quinnipiac U.-5
195.5,2,Florida,29,50,44,,Jul 14,,,,,,,,St. Pete polls-2
190.5,4,Florida,29,48,42,,Jul 10,,,,,,,,YouGov-4
173.5,4,Florida,29,49,40,,Jun 23,,,,,,,,Fox News-4
166.5,2,Florida,29,45,41,,Jun 15,,,,,,,,Redfield and Wilton Strategies-2
165.0,11,Florida,29,47,41,,Jun 18,,,,,,,,Siena Coll.-11
162.0,3,Florida,29,51,40,,Jun 11,,,,,,,,TIPP-3
147.5,2,Florida,29,48,47,,May 27,,,,,,,,St. Pete Polls-2
145.0,13,Florida,29,47,44,,May 30,,,,,,,,Cygnal-13
133.0,5,Florida,29,45,43,,May 14,,,,,,,,Redfield and Wilton Strategies-5
131.0,5,Florida,29,53,47,,May 12,,,,,,,,Florida Atlantic U.-5
110.5,4,Florida,29,46,43,,Apr 21,,,,,,,,Fox News-4
109.0,5,Florida,29,46,42,,Apr 20,,,,,,,,Quinnipiac U.-5
107.5,2,Florida,29,48,48,,Apr 17,,,,,,,,St. Pete Polls-2
 93.0,5,Florida,29,46,40,,Apr 04,,,,,,,,U. of North Florida-5
 75.0,3,Florida,29,45,45,,Mar 16,,,,,,,,AtlasIntel-3
 69.0,7,Florida,29,45,48,,Mar 12,,,,,,,,Latino Decisions-7
 66.0,3,Florida,29,49,51,,Mar 07,,,,,,,,Florida Atlantic U.-3
 45.0,9,Florida,29,49,48,,Feb 18,,,,,,,,U. of North Florida-9
 10.5,4,Florida,29,51,49,,Jan 12,,,,,,,,Florida Atlantic U.-4
312.0,1,Georgia,16,48,48,,Nov 07,,,,,,,,Election 2020-1
305.0,3,Georgia,16,52,48,,Nov 01,,,,,,,,AYTM-3
304.5,2,Georgia,16,46,48,,Oct 31,,,,,,,,AtlasIntel-2
304.0,3,Georgia,16,49,49,,Oct 31,,,,,,,,Emerson Coll.-3
301.5,2,Georgia,16,48,46,,Oct 28,,,,,,,,PPP-2
300.5,10,Georgia,16,49,46,,Oct 31,,,,,,,,Morning Consult-10
299.0,5,Georgia,16,50,46,,Oct 27,,,,,,,,Monmouth U.-5
298.5,4,Georgia,16,51,46,,Oct 26,,,,,,,,Civiqs-4
295.5,4,Georgia,16,49,49,,Oct 23,,,,,,,,YouGov-4
292.5,4,Georgia,16,48,44,,Oct 20,,,,,,,,Citizen Data-4
292.5,10,Georgia,16,47,46,,Oct 23,,,,,,,,U. of Georgia.-10
292.0,3,Georgia,16,47,48,,Oct 19,,,,,,,,Emerson Coll.-3
290.0,7,Georgia,16,45,45,,Oct 19,,,,,,,,Siena Coll.-7
289.5,10,Georgia,16,48,48,,Oct 20,,,,,,,,Morning Consult-10
287.5,4,Georgia,16,49,45,,Oct 15,,,,,,,,Opinion Insight-4
284.0,5,Georgia,16,48,46,,Oct 12,,,,,,,,SurveyUSA-5
284.0,5,Georgia,16,51,44,,Oct 12,,,,,,,,Quinnipiac U.-5
282.5,2,Georgia,16,47,46,,Oct 09,,,,,,,,PPP-2
280.5,10,Georgia,16,47,49,,Oct 11,,,,,,,,Morning Consult-10
275.5,10,Georgia,16,46,48,,Oct 06,,,,,,,,U. of Georgia.-10
271.5,4,Georgia,16,50,47,,Sep 29,,,,,,,,Civiqs-4
269.0,5,Georgia,16,50,47,,Sep 27,,,,,,,,Quinnipiac U.-5
268.5,4,Georgia,16,45,44,,Sep 26,,,,,,,,Redfield and Wilton Strategies-4
267.5,4,Georgia,16,46,47,,Sep 25,,,,,,,,YouGov-4
263.0,5,Georgia,16,46,48,,Sep 21,,,,,,,,Monmouth U.-5
262.5,6,Georgia,16,45,45,,Sep 21,,,,,,,,Siena Coll.-6
259.5,10,Georgia,16,47,47,,Sep 20,,,,,,,,U. of Georgia-10
258.0,5,Georgia,16,45,46,,Sep 16,,,,,,,,Redfield and Wilton Strategies-5
246.0,7,Georgia,16,47,46,,Sep 05,,,,,,,,Fabrizio Ward/Hart Research-7
244.5,4,Georgia,16,46,46,,Sep 02,,,,,,,,Opinion Insight-4
238.5,10,Georgia,16,49,46,,Aug 30,,,,,,,,Morning Consult-10
238.0,11,Georgia,16,52,46,,Aug 30,,,,,,,,HarrisX-11
237.5,2,Georgia,16,47,46,,Aug 25,,,,,,,,PPP-2
220.0,3,Georgia,16,46,44,,Aug 08,,,,,,,,SurveyUSA-3
211.5,4,Georgia,16,46,45,,Jul 31,,,,,,,,YouGov-4
207.0,5,Georgia,16,47,48,,Jul 27,,,,,,,,Monmouth U.-5
205.5,2,Georgia,16,46,45,,Jul 24,,,,,,,,PPP-2
203.5,10,Georgia,16,47,46,,Jul 26,,,,,,,,Morning Consult-10
177.5,2,Georgia,16,49,45,,Jun 26,,,,,,,,PPP-2
173.5,4,Georgia,16,47,45,,Jun 23,,,,,,,,Fox News-4
164.5,2,Georgia,16,48,46,,Jun 13,,,,,,,,PPP-2
145.0,7,Georgia,16,40,44,,May 27,,,,,,,,TargetSmart-7
138.0,3,Georgia,16,48,47,,May 18,,,,,,,,Civiqs-3
117.0,3,Georgia,16,44,45,,Apr 27,,,,,,,,Cygnal-3
 58.5,8,Georgia,16,43,51,,Mar 02,,,,,,,,U. of Georgia-8
312.0,1,Hawaii,4,64,34,,Nov 07,,,,,,,,Election 2020-1
278.5,6,Hawaii,4,61,28,,Oct 07,,,,,,,,MRG Research-6
312.0,1,Idaho,4,34,63,,Nov 07,,,,,,,,Election 2020-1
  2.0,1,Idaho,4,29,58,,Jan 02,,,,,,,,Election 2016-1
312.0,1,Illinois,20,56,42,,Nov 07,,,,,,,,Election 2020-1
305.5,2,Illinois,20,55,38,,Nov 01,,,,,,,,Research Co.-2
303.0,7,Illinois,20,54,38,,Nov 01,,,,,,,,Victoria Research-7
268.5,4,Illinois,20,53,40,,Sep 26,,,,,,,,Victory Research-4
312.0,1,Indiana,11,38,59,,Nov 07,,,,,,,,Election 2020-1
300.5,10,Indiana,11,42,53,,Oct 31,,,,,,,,Morning Consult-10
284.5,6,Indiana,11,42,49,,Oct 13,,,,,,,,SurveyUSA-6
210.5,10,Indiana,11,38,55,,Aug 02,,,,,,,,Morning Consult-10
143.0,3,Indiana,11,39,49,,May 23,,,,,,,,Victoria Research-3
102.5,4,Indiana,11,39,52,,Apr 13,,,,,,,,Change Research-4
312.0,1,Iowa,6,45,53,,Nov 07,,,,,,,,Election 2020-1
306.5,2,Iowa,6,49,48,,Nov 02,,,,,,,,PPP-2
304.5,4,Iowa,6,49,48,,Nov 01,,,,,,,,Civiqs-4
304.0,3,Iowa,6,47,49,,Oct 31,,,,,,,,Emerson Coll.-3
301.5,4,Iowa,6,41,48,,Oct 29,,,,,,,,Selzer-4
299.0,5,Iowa,6,46,47,,Oct 27,,,,,,,,Quinnipiac U.-5
296.5,4,Iowa,6,50,46,,Oct 24,,,,,,,,RABA Research-4
294.0,3,Iowa,6,46,48,,Oct 21,,,,,,,,Emerson Coll.-3
293.0,3,Iowa,6,46,43,,Oct 20,,,,,,,,Siena Coll.-3
292.0,7,Iowa,6,47,47,,Oct 21,,,,,,,,RMG Research-7
291.0,5,Iowa,6,50,47,,Oct 19,,,,,,,,Monmouth U.-5
281.5,4,Iowa,6,49,49,,Oct 09,,,,,,,,YouGov-4
280.5,4,Iowa,6,47,45,,Oct 08,,,,,,,,Opinion Insight-4
278.5,4,Iowa,6,48,47,,Oct 06,,,,,,,,Civiqs-4
277.0,5,Iowa,6,50,45,,Oct 05,,,,,,,,Quinnipiac U.-5
268.5,4,Iowa,6,48,46,,Sep 26,,,,,,,,RABA Research-4
264.0,5,Iowa,6,46,49,,Sep 22,,,,,,,,Monmouth U.-5
263.0,7,Iowa,6,45,42,,Sep 22,,,,,,,,Siena Coll.-7
259.5,4,Iowa,6,47,47,,Sep 17,,,,,,,,Selzer-4
246.0,7,Iowa,6,45,47,,Sep 05,,,,,,,,Fabrizio Ward/Hart Research-7
244.5,4,Iowa,6,43,50,,Sep 02,,,,,,,,Opinion Insight-4
214.0,5,Iowa,6,46,48,,Aug 03,,,,,,,,Monmouth U.-5
210.5,4,Iowa,6,40,41,,Jul 30,,,,,,,,RMG Research-4
205.5,2,Iowa,6,47,48,,Jul 24,,,,,,,,PPP-2
160.5,4,Iowa,6,43,44,,Jun 10,,,,,,,,Selzer-4
159.0,3,Iowa,6,46,46,,Jun 08,,,,,,,,Civiqs-3
155.5,2,Iowa,6,47,48,,Jun 04,,,,,,,,PPP-2
121.5,2,Iowa,6,46,48,,May 01,,,,,,,,PPP-2
 63.5,4,Iowa,6,41,51,,Mar 05,,,,,,,,Selzer-4
 21.5,4,Iowa,6,44,46,,Jan 23,,,,,,,,Siena Coll.-4
312.0,1,Kansas,6,42,56,,Nov 07,,,,,,,,Election 2020-1
293.5,2,Kansas,6,42,54,,Oct 20,,,,,,,,PPP-2
293.0,3,Kansas,6,41,48,,Oct 20,,,,,,,,Siena Coll.-3
271.5,4,Kansas,6,42,52,,Sep 29,,,,,,,,Civiqs-4
270.0,11,Kansas,6,36,46,,Oct 01,,,,,,,,Fort Hays State U.-11
220.0,5,Kansas,6,41,48,,Aug 09,,,,,,,,SurveyUSA-5
218.5,2,Kansas,6,43,50,,Aug 06,,,,,,,,PPP-2
152.0,3,Kansas,6,40,52,,Jun 01,,,,,,,,Civiqs-3
 70.5,2,Kansas,6,40,52,,Mar 11,,,,,,,,PPP-2
 33.5,8,Kansas,6,43,51,,Feb 06,,,,,,,,DFM Research-8
312.0,1,Kentucky,8,36,63,,Nov 07,,,,,,,,Election 2020-1
296.0,13,Kentucky,8,39,52,,Oct 28,,,,,,,,Bluegrass Comm. and Tech. Coll.-13
287.5,4,Kentucky,8,39,56,,Oct 15,,,,,,,,Mason Dixon-4
256.0,5,Kentucky,8,38,58,,Sep 14,,,,,,,,Quinnipiac U.-5
214.0,5,Kentucky,8,41,50,,Aug 03,,,,,,,,Quinnipiac U.-5
210.5,10,Kentucky,8,35,59,,Aug 02,,,,,,,,Morning Consult-10
166.0,3,Kentucky,8,37,57,,Jun 15,,,,,,,,Civiqs-3
143.5,4,Kentucky,8,36,53,,May 24,,,,,,,,RMG Research-4
135.5,2,Kentucky,8,39,55,,May 15,,,,,,,,PPP-2
312.0,1,Louisiana,8,40,59,,Nov 07,,,,,,,,Election 2020-1
296.0,1,Louisiana,8,36,59,,Oct 22,,,,,,,,U. of New Orleans-1
312.0,1,Maine,4,55,42,,Nov 07,,,,,,,,Election 2020-1
304.0,3,Maine,4,54,43,,Oct 31,,,,,,,,Emerson Coll.-3
299.0,5,Maine,4,53,40,,Oct 27,,,,,,,,SurveyUSA-5
297.0,5,Maine,4,51,38,,Oct 25,,,,,,,,Colby Coll.-5
278.0,5,Maine,4,50,40,,Oct 06,,,,,,,,Pan Atlantic Research-5
273.5,10,Maine,4,51,40,,Oct 04,,,,,,,,Critical Insights-10
264.0,7,Maine,4,50,39,,Sep 23,,,,,,,,Colby Coll.-7
262.5,4,Maine,4,51,39,,Sep 20,,,,,,,,Suffolk U.-4
257.5,6,Maine,4,55,38,,Sep 16,,,,,,,,Siena Coll.-6
256.0,5,Maine,4,59,38,,Sep 14,,,,,,,,Quinnipiac U.-5
246.0,7,Maine,4,54,40,,Sep 05,,,,,,,,Fabrizio Ward/Hart Research-7
216.0,13,Maine,4,45,38,,Aug 09,,,,,,,,Critical Insights-13
214.0,5,Maine,4,52,37,,Aug 03,,,,,,,,Quinnipiac U.-5
212.0,7,Maine,4,50,39,,Aug 02,,,,,,,,RMG Research-7
205.5,2,Maine,4,53,42,,Jul 24,,,,,,,,PPP-2
203.0,7,Maine,4,50,38,,Jul 24,,,,,,,,Colby College-7
184.5,2,Maine,4,53,42,,Jul 03,,,,,,,,PPP-2
 62.5,2,Maine,4,52,42,,Mar 03,,,,,,,,PPP-2
312.0,1,Maryland,10,64,35,,Nov 07,,,,,,,,Election 2020-1
295.5,6,Maryland,10,58,33,,Oct 24,,,,,,,,Gonzales Research-6
276.0,5,Maryland,10,61,30,,Oct 04,,,,,,,,Goucher College-5
251.5,8,Maryland,10,62,30,,Sep 11,,,,,,,,OpinionWorks-8
142.0,5,Maryland,10,59,35,,May 23,,,,,,,,Gonzales Research-5
 47.0,7,Maryland,10,60,35,,Feb 19,,,,,,,,Goucher Coll.-7
312.0,1,Massachusetts,11,67,31,,Nov 07,,,,,,,,Election 2020-1
300.5,8,Massachusetts,11,62,28,,Oct 30,,,,,,,,MassINC-8
291.5,8,Massachusetts,11,64,29,,Oct 21,,,,,,,,YouGov-8
239.0,3,Massachusetts,11,69,31,,Aug 27,,,,,,,,Emerson Coll.-3
220.5,4,Massachusetts,11,63,27,,Aug 09,,,,,,,,MassINC-4
216.5,8,Massachusetts,11,61,28,,Aug 07,,,,,,,,YouGov-8
200.5,4,Massachusetts,11,55,23,,Jul 20,,,,,,,,MassINC-4
126.5,2,Massachusetts,11,67,33,,May 06,,,,,,,,Emerson Coll.-2
120.0,5,Massachusetts,11,58,30,,May 01,,,,,,,,U. of Mass.-5
 96.5,4,Massachusetts,11,69,31,,Apr 07,,,,,,,,Emerson Coll.-4
312.0,1,Michigan,16,50,49,,Nov 07,,,,,,,,Election 2020-1
305.5,2,Michigan,16,50,43,,Nov 01,,,,,,,,Research Co.-2
304.5,2,Michigan,16,48,46,,Oct 31,,,,,,,,AtlasIntel-2
304.0,3,Michigan,16,52,46,,Oct 31,,,,,,,,Emerson Coll.-3
303.5,2,Michigan,16,54,44,,Oct 30,,,,,,,,PPP-2
303.5,6,Michigan,16,53,45,,Nov 01,,,,,,,,Ipsos-6
302.0,3,Michigan,16,51,44,,Oct 29,,,,,,,,RMG Research-3
301.5,4,Michigan,16,54,41,,Oct 29,,,,,,,,Redfield and Wilton Strategies-4
300.5,4,Michigan,16,48,41,,Oct 28,,,,,,,,EPIC-MRA-4
300.5,8,Michigan,16,53,41,,Oct 30,,,,,,,,SSRS-8
300.5,10,Michigan,16,52,45,,Oct 31,,,,,,,,Morning Consult-10
298.5,4,Michigan,16,49,41,,Oct 26,,,,,,,,Siena Coll.-4
298.5,8,Michigan,16,54,41,,Oct 28,,,,,,,,Kiaer Research-8
297.0,7,Michigan,16,52,43,,Oct 26,,,,,,,,Ipsos-7
296.5,6,Michigan,16,51,44,,Oct 25,,,,,,,,Langer Research-6
295.5,2,Michigan,16,50,43,,Oct 22,,,,,,,,PPP-2
292.5,4,Michigan,16,50,41,,Oct 20,,,,,,,,Citizen Data-4
292.5,4,Michigan,16,52,40,,Oct 20,,,,,,,,Fox News-4
291.0,5,Michigan,16,48,39,,Oct 19,,,,,,,,EPIC-MRA-5
291.0,7,Michigan,16,51,44,,Oct 20,,,,,,,,Ipsos-7
291.0,9,Michigan,16,52,42,,Oct 21,,,,,,,,YouGov-9
289.5,10,Michigan,16,52,44,,Oct 20,,,,,,,,Morning Consult-10
287.5,4,Michigan,16,54,43,,Oct 15,,,,,,,,HarrisX-4
285.5,4,Michigan,16,51,42,,Oct 13,,,,,,,,Redfield and Wilton Strategies-4
284.5,6,Michigan,16,48,42,,Oct 13,,,,,,,,RMG Research-6
284.0,5,Michigan,16,48,39,,Oct 12,,,,,,,,EPIC-MRA-5
284.0,7,Michigan,16,51,43,,Oct 13,,,,,,,,Ipsos-7
283.5,4,Michigan,16,52,43,,Oct 11,,,,,,,,Civiqs-4
282.5,6,Michigan,16,48,40,,Oct 11,,,,,,,,Siena Coll.-6
281.5,4,Michigan,16,52,46,,Oct 09,,,,,,,,YouGov-4
280.5,2,Michigan,16,54,43,,Oct 07,,,,,,,,Emerson Coll.-2
280.5,10,Michigan,16,51,44,,Oct 11,,,,,,,,Morning Consult-10
279.0,3,Michigan,16,50,42,,Oct 06,,,,,,,,Redfield and Wilton Strategies-3
278.5,4,Michigan,16,51,42,,Oct 06,,,,,,,,Opinion Insight-4
278.0,9,Michigan,16,50,43,,Oct 08,,,,,,,,Baldwin Wallace U.-9
276.5,8,Michigan,16,51,43,,Oct 06,,,,,,,,Ipsos-8
275.5,4,Michigan,16,48,39,,Oct 03,,,,,,,,Glengariff Group-4
274.5,2,Michigan,16,50,44,,Oct 01,,,,,,,,PPP-2
268.5,4,Michigan,16,51,42,,Sep 26,,,,,,,,Redfield and Wilton Strategies-4
265.0,5,Michigan,16,52,44,,Sep 23,,,,,,,,Marist Coll.-5
260.5,6,Michigan,16,46,41,,Sep 19,,,,,,,,Marketing Resource Grp.-6
259.5,12,Michigan,16,51,45,,Sep 21,,,,,,,,YouGov-12
259.0,15,Michigan,16,50,42,,Sep 22,,,,,,,,Baldwin Wallace U.-15
257.5,6,Michigan,16,49,44,,Sep 16,,,,,,,,Ipsos-6
257.0,3,Michigan,16,49,39,,Sep 14,,,,,,,,Redfield and Wilton Strategies-3
257.0,5,Michigan,16,53,42,,Sep 15,,,,,,,,Civiqs-5
256.5,6,Michigan,16,48,40,,Sep 15,,,,,,,,EPIC-MRA-6
246.5,2,Michigan,16,53,44,,Sep 03,,,,,,,,Pulse Opinion Research-2
246.5,12,Michigan,16,50,43,,Sep 08,,,,,,,,Benenson Strategy/GS Strategy-12
246.0,3,Michigan,16,47,42,,Sep 03,,,,,,,,Glengariff Group-3
245.0,5,Michigan,16,51,40,,Sep 03,,,,,,,,Redfield and Wilton Strategies-5
244.5,4,Michigan,16,50,44,,Sep 02,,,,,,,,Opinion Insight-4
241.5,2,Michigan,16,48,44,,Aug 29,,,,,,,,PPP-2
238.5,10,Michigan,16,52,42,,Aug 30,,,,,,,,Morning Consult-10
230.0,3,Michigan,16,50,38,,Aug 18,,,,,,,,Redfield and Wilton Strategies-3
228.0,5,Michigan,16,49,46,,Aug 17,,,,,,,,Civiqs-5
214.0,11,Michigan,16,47,43,,Aug 06,,,,,,,,YouGov-11
210.5,2,Michigan,16,49,43,,Jul 29,,,,,,,,PPP-2
209.5,6,Michigan,16,51,40,,Jul 30,,,,,,,,EPIC-MRA-6
204.5,4,Michigan,16,48,42,,Jul 24,,,,,,,,YouGov-4
203.5,6,Michigan,16,49,37,,Jul 24,,,,,,,,Redfield and Wilton Strategies-6
203.5,10,Michigan,16,52,42,,Jul 26,,,,,,,,Morning Consult-10
203.0,7,Michigan,16,52,40,,Jul 24,,,,,,,,SSRS-7
201.0,3,Michigan,16,49,40,,Jul 20,,,,,,,,Fox News-3
191.5,2,Michigan,16,51,44,,Jul 10,,,,,,,,PPP-2
178.5,2,Michigan,16,50,44,,Jun 27,,,,,,,,PPP-2
167.0,3,Michigan,16,47,36,,Jun 16,,,,,,,,Redfield and Wilton Strategies-3
164.5,10,Michigan,16,47,36,,Jun 17,,,,,,,,Siena Coll.-10
162.5,4,Michigan,16,51,38,,Jun 12,,,,,,,,TIPP-4
155.5,8,Michigan,16,50,35,,Jun 07,,,,,,,,Kiaer Research-8
153.0,5,Michigan,16,53,41,,Jun 03,,,,,,,,EPIC-MRA-5
150.5,2,Michigan,16,50,44,,May 30,,,,,,,,PPP-2
139.5,2,Michigan,16,51,45,,May 19,,,,,,,,PPP-2
133.0,5,Michigan,16,47,39,,May 14,,,,,,,,Redfield and Wilton Strategies-5
119.5,2,Michigan,16,50,42,,Apr 29,,,,,,,,PPP-2
111.5,2,Michigan,16,51,44,,Apr 21,,,,,,,,PPP-2
110.5,4,Michigan,16,49,41,,Apr 21,,,,,,,,Fox News-4
108.5,6,Michigan,16,46,38,,Apr 20,,,,,,,,Ipsos-6
 81.0,9,Michigan,16,47,42,,Mar 25,,,,,,,,Baldwin Wallace U.-9
 78.0,5,Michigan,16,44,41,,Mar 20,,,,,,,,Marketing Resource-5
 68.0,3,Michigan,16,44,46,,Mar 09,,,,,,,,AtlasIntel-3
 67.0,3,Michigan,16,45,41,,Mar 08,,,,,,,,YouGov-3
 66.5,4,Michigan,16,48,41,,Mar 08,,,,,,,,Monmouth U.-4
 46.5,10,Michigan,16,46,43,,Feb 20,,,,,,,,YouGov-10
 46.0,7,Michigan,16,47,43,,Feb 18,,,,,,,,Quinnipiac U.-7
 43.0,13,Michigan,16,43,43,,Feb 18,,,,,,,,Expedition Strategies-13
 10.5,4,Michigan,16,50,44,,Jan 12,,,,,,,,EPIC-MRA-4
  5.0,5,Michigan,16,50,43,,Jan 07,,,,,,,,Glengariff-5
312.0,1,Minnesota,10,53,45,,Nov 07,,,,,,,,Election 2020-1
305.5,2,Minnesota,10,52,43,,Nov 01,,,,,,,,Research Co.-2
303.5,2,Minnesota,10,54,43,,Oct 30,,,,,,,,PPP-2
300.5,10,Minnesota,10,52,42,,Oct 31,,,,,,,,Morning Consult-10
299.0,5,Minnesota,10,47,42,,Oct 27,,,,,,,,SurveyUSA-5
293.5,20,Minnesota,10,54,39,,Oct 29,,,,,,,,St. Cloud State U.-20
292.5,4,Minnesota,10,53,43,,Oct 20,,,,,,,,Civiqs-4
292.0,5,Minnesota,10,48,42,,Oct 20,,,,,,,,SurveyUSA-5
289.5,10,Minnesota,10,51,42,,Oct 20,,,,,,,,Morning Consult-10
280.5,10,Minnesota,10,50,44,,Oct 11,,,,,,,,Morning Consult-10
277.5,6,Minnesota,10,47,40,,Oct 06,,,,,,,,SurveyUSA-6
266.0,3,Minnesota,10,48,42,,Sep 23,,,,,,,,Mason Dixon-3
266.0,5,Minnesota,10,47,40,,Sep 24,,,,,,,,Suffolk U.-5
258.5,6,Minnesota,10,51,42,,Sep 17,,,,,,,,Redfield and Wilton Strategies-6
254.5,6,Minnesota,10,57,41,,Sep 13,,,,,,,,Langer Research-6
254.0,3,Minnesota,10,50,41,,Sep 11,,,,,,,,YouGov-3
253.0,3,Minnesota,10,50,41,,Sep 10,,,,,,,,Siena Coll.-3
252.5,10,Minnesota,10,48,44,,Sep 13,,,,,,,,Morning Consult-10
249.5,4,Minnesota,10,49,40,,Sep 07,,,,,,,,SurveyUSA-4
247.5,2,Minnesota,10,52,44,,Sep 04,,,,,,,,PPP-2
238.5,10,Minnesota,10,50,43,,Aug 30,,,,,,,,Morning Consult-10
222.0,3,Minnesota,10,51,49,,Aug 10,,,,,,,,Emerson Coll.-3
204.5,2,Minnesota,10,52,42,,Jul 23,,,,,,,,PPP-2
203.5,10,Minnesota,10,47,44,,Jul 26,,,,,,,,Morning Consult-10
201.0,3,Minnesota,10,51,38,,Jul 20,,,,,,,,Fox News-3
140.0,3,Minnesota,10,49,44,,May 20,,,,,,,,Mason-Dixon Polling-3
312.0,1,Mississippi,6,37,62,,Nov 07,,,,,,,,Election 2020-1
298.5,4,Mississippi,6,41,55,,Oct 26,,,,,,,,Civiqs-4
 58.0,3,Mississippi,6,41,56,,Feb 28,,,,,,,,Mason-Dixon-3
312.0,1,Missouri,10,41,57,,Nov 07,,,,,,,,Election 2020-1
300.5,10,Missouri,10,43,52,,Oct 31,,,,,,,,Morning Consult-10
274.5,14,Missouri,10,43,52,,Oct 07,,,,,,,,YouGov-14
260.5,2,Missouri,10,45,53,,Sep 17,,,,,,,,Missouri Scout-2
246.0,3,Missouri,10,44,49,,Sep 03,,,,,,,,We Ask America-3
179.0,9,Missouri,10,43,50,,Jul 01,,,,,,,,YouGov-9
147.5,2,Missouri,10,44,48,,May 27,,,,,,,,We Ask America-2
 57.5,2,Missouri,10,42,52,,Feb 27,,,,,,,,Remington Research-2
312.0,1,Montana,3,42,55,,Nov 07,,,,,,,,Election 2020-1
300.5,2,Montana,3,47,49,,Oct 27,,,,,,,,PPP-2
295.5,6,Montana,3,45,52,,Oct 24,,,,,,,,Montana State U.-6
293.0,3,Montana,3,43,49,,Oct 20,,,,,,,,Siena Coll.-3
291.5,6,Montana,3,43,51,,Oct 20,,,,,,,,Strategies 360-6
290.5,4,Montana,3,46,50,,Oct 18,,,,,,,,RMG Research-4
283.5,2,Montana,3,46,52,,Oct 10,,,,,,,,PPP-2
280.0,3,Montana,3,43,56,,Oct 07,,,,,,,,Emerson Coll.-3
267.0,19,Montana,3,44,51,,Oct 02,,,,,,,,Montana State U.-19
259.0,3,Montana,3,42,49,,Sep 16,,,,,,,,Siena Coll.-3
246.0,7,Montana,3,43,50,,Sep 05,,,,,,,,Fabrizio Ward/Hart Research-7
214.0,3,Montana,3,42,53,,Aug 02,,,,,,,,Emerson Coll.-3
205.5,2,Montana,3,45,50,,Jul 24,,,,,,,,PPP-2
194.0,3,Montana,3,45,49,,Jul 13,,,,,,,,Civiqs-3
191.5,2,Montana,3,42,51,,Jul 10,,,,,,,,PPP-2
173.5,10,Montana,3,38,52,,Jun 26,,,,,,,,U. of Montana-10
109.5,18,Montana,3,40,45,,Apr 27,,,,,,,,Montana State U.-18
 48.0,11,Montana,3,34,46,,Feb 22,,,,,,,,U. of Montana-11
312.0,1,Nebraska,5,40,58,,Nov 07,,,,,,,,Election 2020-1
  2.0,1,Nebraska,5,33,61,,Jan 02,,,,,,,,Election 2016-1
312.0,1,Nevada,6,50,48,,Nov 07,,,,,,,,Election 2020-1
304.0,3,Nevada,6,49,47,,Oct 31,,,,,,,,Emerson Coll.-3
298.5,4,Nevada,6,49,43,,Oct 26,,,,,,,,Siena Coll.-4
293.5,8,Nevada,6,50,41,,Oct 23,,,,,,,,U. of Nevada-8
292.5,4,Nevada,6,52,43,,Oct 20,,,,,,,,Civiqs-4
281.5,4,Nevada,6,52,46,,Oct 09,,,,,,,,YouGov-4
278.0,5,Nevada,6,48,42,,Oct 06,,,,,,,,Siena Coll.-5
265.5,4,Nevada,6,52,41,,Sep 23,,,,,,,,Fox News-4
261.5,16,Nevada,6,46,41,,Sep 25,,,,,,,,U. of Nevada-16
253.0,3,Nevada,6,46,42,,Sep 10,,,,,,,,Siena Coll.-3
238.0,11,Nevada,6,44,39,,Aug 30,,,,,,,,U. of Nevada-11
 51.0,3,Nevada,6,44,41,,Feb 21,,,,,,,,AtlasIntel-3
  6.5,4,Nevada,6,47,39,,Jan 08,,,,,,,,Fox News-4
312.0,1,New Hampshire,4,53,45,,Nov 07,,,,,,,,Election 2020-1
301.0,3,New Hampshire,4,58,39,,Oct 28,,,,,,,,ARG-3
300.0,5,New Hampshire,4,53,45,,Oct 28,,,,,,,,U. of New Hampshire-5
298.5,4,New Hampshire,4,52,44,,Oct 26,,,,,,,,St. Anselm Coll.-4
295.0,11,New Hampshire,4,53,43,,Oct 26,,,,,,,,U. of Mass.-11
284.5,4,New Hampshire,4,55,43,,Oct 12,,,,,,,,U. of New Hampshire-4
284.0,5,New Hampshire,4,51,41,,Oct 12,,,,,,,,Suffolk U.-5
276.5,4,New Hampshire,4,53,41,,Oct 04,,,,,,,,St. Anselm Coll.-4
274.5,2,New Hampshire,4,53,45,,Oct 01,,,,,,,,Emerson Coll.-2
270.5,4,New Hampshire,4,53,44,,Sep 28,,,,,,,,ARG-4
270.0,5,New Hampshire,4,53,44,,Sep 28,,,,,,,,U. of New Hampshire-5
268.0,3,New Hampshire,4,56,42,,Sep 25,,,,,,,,Pulse Opinion Research-3
265.0,9,New Hampshire,4,53,44,,Sep 25,,,,,,,,U. of Mass.-9
253.5,4,New Hampshire,4,45,42,,Sep 11,,,,,,,,Siena Coll.-4
229.0,3,New Hampshire,4,51,43,,Aug 17,,,,,,,,St. Anselm Coll.-3
204.0,13,New Hampshire,4,53,40,,Jul 28,,,,,,,,U. of New Hampshire-13
172.0,5,New Hampshire,4,52,39,,Jun 22,,,,,,,,U. of New Hampshire-5
166.5,4,New Hampshire,4,49,42,,Jun 16,,,,,,,,St. Anselm College-4
137.0,5,New Hampshire,4,44,46,,May 18,,,,,,,,U. of New Hampshire-5
116.0,5,New Hampshire,4,50,42,,Apr 27,,,,,,,,St. Anselm College-5
 53.0,7,New Hampshire,4,44,46,,Feb 25,,,,,,,,U. of New Hampshire-7
 40.0,3,New Hampshire,4,44,46,,Feb 10,,,,,,,,AtlasIntel-3
 21.5,4,New Hampshire,4,51,43,,Jan 23,,,,,,,,Marist Coll.-4
312.0,1,New Jersey,14,61,38,,Nov 07,,,,,,,,Election 2020-1
305.5,2,New Jersey,14,56,38,,Nov 01,,,,,,,,Research Co.-2
295.0,7,New Jersey,14,61,37,,Oct 24,,,,,,,,Rutgers-Eagleton-7
284.0,7,New Jersey,14,56,36,,Oct 13,,,,,,,,Stockton U.-7
283.0,9,New Jersey,14,56,34,,Oct 13,,,,,,,,DKC Analytics-9
276.5,6,New Jersey,14,53,38,,Oct 05,,,,,,,,Fairleigh Dickinson U.-6
249.5,4,New Jersey,14,58,40,,Sep 07,,,,,,,,Emerson Coll.-4
222.0,9,New Jersey,14,52,33,,Aug 13,,,,,,,,DKC Analytics-9
191.5,6,New Jersey,14,51,33,,Jul 12,,,,,,,,DKC Analytics-6
123.0,5,New Jersey,14,54,35,,May 04,,,,,,,,Quinnipiac U.-5
118.0,11,New Jersey,14,56,33,,May 02,,,,,,,,Rutgers-Eagleton-11
108.5,4,New Jersey,14,54,38,,Apr 19,,,,,,,,Monmouth U.-4
 45.0,5,New Jersey,14,53,35,,Feb 16,,,,,,,,Fairleigh Dickinson U.-5
312.0,1,New Mexico,5,54,44,,Nov 07,,,,,,,,Election 2020-1
300.0,7,New Mexico,5,54,42,,Oct 29,,,,,,,,Research and Polling-7
274.5,2,New Mexico,5,53,39,,Oct 01,,,,,,,,PPP-2
242.5,8,New Mexico,5,54,39,,Sep 02,,,,,,,,Research and Polling-8
164.5,2,New Mexico,5,53,39,,Jun 13,,,,,,,,PPP-2
111.5,2,New Mexico,5,52,40,,Apr 21,,,,,,,,PPP-2
  4.5,4,New Mexico,5,54,46,,Jan 06,,,,,,,,Emerson Coll.-4
312.0,1,New York,29,58,41,,Nov 07,,,,,,,,Election 2020-1
305.5,2,New York,29,61,33,,Nov 01,,,,,,,,Research Co.-2
272.0,3,New York,29,61,29,,Sep 29,,,,,,,,Siena Coll.-3
234.5,2,New York,29,63,32,,Aug 22,,,,,,,,PPP-2
176.0,3,New York,29,57,32,,Jun 25,,,,,,,,Siena Coll.-3
140.0,5,New York,29,57,32,,May 21,,,,,,,,Siena Coll.-5
123.0,5,New York,29,55,32,,May 04,,,,,,,,Quinnipiac U.-5
112.0,5,New York,29,65,29,,Apr 23,,,,,,,,Siena Coll.-5
 84.0,5,New York,29,58,33,,Mar 26,,,,,,,,Siena Coll.-5
 49.0,5,New York,29,55,36,,Feb 20,,,,,,,,Siena Coll.-5
312.0,1,North Carolina,15,49,50,,Nov 07,,,,,,,,Election 2020-1
304.5,2,North Carolina,15,48,50,,Oct 31,,,,,,,,AtlasIntel-2
304.0,3,North Carolina,15,47,47,,Oct 31,,,,,,,,Emerson Coll.-3
303.5,6,North Carolina,15,49,48,,Nov 01,,,,,,,,Ipsos-6
302.5,2,North Carolina,15,47,48,,Oct 29,,,,,,,,Pulse Opinion Research-2
301.5,2,North Carolina,15,49,47,,Oct 28,,,,,,,,East Carolina U.-2
301.5,4,North Carolina,15,49,47,,Oct 29,,,,,,,,Redfield and Wilton Strategies-4
301.5,4,North Carolina,15,49,48,,Oct 29,,,,,,,,HarrisX-4
300.5,2,North Carolina,15,51,47,,Oct 27,,,,,,,,PPP-2
300.5,4,North Carolina,15,52,46,,Oct 28,,,,,,,,Marist Coll.-4
300.5,8,North Carolina,15,51,45,,Oct 30,,,,,,,,SSRS-8
300.5,10,North Carolina,15,49,48,,Oct 31,,,,,,,,Morning Consult-10
299.0,3,North Carolina,15,48,47,,Oct 26,,,,,,,,RMG Research-3
299.0,5,North Carolina,15,48,45,,Oct 27,,,,,,,,Siena Coll.-5
298.5,4,North Carolina,15,48,48,,Oct 26,,,,,,,,SurveyUSA-4
298.0,7,North Carolina,15,49,48,,Oct 27,,,,,,,,Ipsos-7
297.5,4,North Carolina,15,47,46,,Oct 25,,,,,,,,Harper Polling-4
297.0,7,North Carolina,15,48,48,,Oct 26,,,,,,,,U. of Mass.-7
295.5,4,North Carolina,15,51,47,,Oct 23,,,,,,,,YouGov-4
294.5,2,North Carolina,15,48,49,,Oct 21,,,,,,,,Pulse Opinion Research-2
292.5,4,North Carolina,15,50,44,,Oct 20,,,,,,,,Citizen Data-4
291.5,4,North Carolina,15,48,44,,Oct 19,,,,,,,,Meredith Coll.-4
291.0,7,North Carolina,15,49,46,,Oct 20,,,,,,,,Ipsos-7
290.5,4,North Carolina,15,51,47,,Oct 18,,,,,,,,East Carolina U.-4
289.5,10,North Carolina,15,50,47,,Oct 20,,,,,,,,Morning Consult-10
288.5,6,North Carolina,15,50,48,,Oct 17,,,,,,,,Langer Research-6
287.5,2,North Carolina,15,49,49,,Oct 14,,,,,,,,Emerson Coll.-2
286.5,4,North Carolina,15,51,46,,Oct 14,,,,,,,,Civiqs-4
285.5,4,North Carolina,15,49,46,,Oct 13,,,,,,,,Redfield and Wilton Strategies-4
285.0,5,North Carolina,15,46,42,,Oct 13,,,,,,,,Siena Coll.-5
284.0,7,North Carolina,15,48,47,,Oct 13,,,,,,,,Ipsos-7
283.5,4,North Carolina,15,50,45,,Oct 11,,,,,,,,SurveyUSA-4
283.5,4,North Carolina,15,50,46,,Oct 11,,,,,,,,Monmouth U.-4
280.5,10,North Carolina,15,50,46,,Oct 11,,,,,,,,Morning Consult-10
279.0,3,North Carolina,15,49,44,,Oct 06,,,,,,,,Redfield and Wilton Strategies-3
278.5,2,North Carolina,15,50,46,,Oct 05,,,,,,,,PPP-2
277.0,3,North Carolina,15,50,47,,Oct 04,,,,,,,,East Carolina U.-3
276.5,8,North Carolina,15,47,47,,Oct 06,,,,,,,,Ipsos-8
268.5,4,North Carolina,15,47,45,,Sep 26,,,,,,,,Redfield and Wilton Strategies-4
267.5,4,North Carolina,15,48,46,,Sep 25,,,,,,,,YouGov-4
265.5,8,North Carolina,15,48,49,,Sep 25,,,,,,,,U. of Mass.-8
264.0,5,North Carolina,15,46,45,,Sep 22,,,,,,,,Meredith Coll.-5
262.5,4,North Carolina,15,44,45,,Sep 20,,,,,,,,Harper Polling-4
261.0,3,North Carolina,15,51,49,,Sep 18,,,,,,,,Emerson Coll.-3
257.5,4,North Carolina,15,47,45,,Sep 15,,,,,,,,Redfield and Wilton Strategies-4
257.5,6,North Carolina,15,45,44,,Sep 16,,,,,,,,Siena Coll.-6
257.5,6,North Carolina,15,47,47,,Sep 16,,,,,,,,Ipsos-6
256.5,4,North Carolina,15,47,43,,Sep 14,,,,,,,,Suffolk U.-4
255.0,5,North Carolina,15,47,47,,Sep 13,,,,,,,,SurveyUSA-5
255.0,5,North Carolina,15,49,46,,Sep 13,,,,,,,,SSRS-5
251.5,2,North Carolina,15,48,49,,Sep 08,,,,,,,,Pulse Opinion Research-2
249.5,16,North Carolina,15,45,43,,Sep 13,,,,,,,,Kaiser/Cook-16
246.5,12,North Carolina,15,48,48,,Sep 08,,,,,,,,Benenson Strategy/GS Strategy-12
245.0,5,North Carolina,15,43,44,,Sep 03,,,,,,,,Redfield and Wilton Strategies-5
243.5,4,North Carolina,15,48,46,,Sep 01,,,,,,,,Monmouth U.-4
243.5,4,North Carolina,15,50,46,,Sep 01,,,,,,,,Fox News-4
242.5,2,North Carolina,15,47,49,,Aug 30,,,,,,,,East Carolina U.-2
238.5,10,North Carolina,15,49,47,,Aug 30,,,,,,,,Morning Consult-10
231.5,10,North Carolina,15,49,46,,Aug 23,,,,,,,,Morning Consult-10
229.5,2,North Carolina,15,44,46,,Aug 17,,,,,,,,Redfield and Wilton Strategies-2
225.5,2,North Carolina,15,47,47,,Aug 13,,,,,,,,East Carolina U.-2
222.0,3,North Carolina,15,49,51,,Aug 10,,,,,,,,Emerson Coll.-3
221.0,5,North Carolina,15,45,44,,Aug 10,,,,,,,,Harper Polling-5
219.5,2,North Carolina,15,47,48,,Aug 07,,,,,,,,Pulse Opinion Research-2
212.5,2,North Carolina,15,49,46,,Jul 31,,,,,,,,PPP-2
211.5,4,North Carolina,15,48,44,,Jul 31,,,,,,,,YouGov-4
205.5,2,North Carolina,15,49,46,,Jul 24,,,,,,,,PPP-2
204.0,3,North Carolina,15,44,40,,Jul 23,,,,,,,,Zogby Analytics-3
203.5,10,North Carolina,15,47,47,,Jul 26,,,,,,,,Morning Consult-10
202.0,3,North Carolina,15,43,42,,Jul 21,,,,,,,,Redfield and Wilton Strategies-3
200.0,9,North Carolina,15,51,44,,Jul 22,,,,,,,,Marist Coll.-9
189.5,2,North Carolina,15,50,46,,Jul 08,,,,,,,,PPP-2
175.5,4,North Carolina,15,45,44,,Jun 25,,,,,,,,East Carolina U.-4
174.5,2,North Carolina,15,48,46,,Jun 23,,,,,,,,PPP-2
173.5,4,North Carolina,15,47,45,,Jun 23,,,,,,,,Fox News-4
167.5,4,North Carolina,15,46,40,,Jun 17,,,,,,,,Redfield and Wilton Strategies-4
165.0,11,North Carolina,15,49,40,,Jun 18,,,,,,,,Siena Coll.-11
154.5,2,North Carolina,15,49,45,,Jun 03,,,,,,,,PPP-2
148.0,3,North Carolina,15,44,47,,May 28,,,,,,,,Harper Polling-3
137.5,10,North Carolina,15,42,42,,May 21,,,,,,,,Neighborhood Research and Media-10
133.0,5,North Carolina,15,45,43,,May 14,,,,,,,,Redfield and Wilton Strategies-5
132.0,5,North Carolina,15,47,47,,May 13,,,,,,,,Meeting Street Insights-5
129.0,3,North Carolina,15,43,46,,May 09,,,,,,,,East Carolina University-3
124.0,3,North Carolina,15,49,46,,May 04,,,,,,,,Civiqs-3
118.5,2,North Carolina,15,47,40,,Apr 28,,,,,,,,Meredith College-2
115.5,4,North Carolina,15,50,45,,Apr 26,,,,,,,,SurveyUSA-4
111.5,2,North Carolina,15,49,46,,Apr 21,,,,,,,,PPP-2
105.5,2,North Carolina,15,48,47,,Apr 15,,,,,,,,PPP-2
 97.0,3,North Carolina,15,42,49,,Apr 07,,,,,,,,Harper Polling-3
 58.5,2,North Carolina,15,48,46,,Feb 28,,,,,,,,East Carolina U.-2
 56.0,5,North Carolina,15,45,49,,Feb 27,,,,,,,,Marist Coll.-5
 48.0,5,North Carolina,15,46,44,,Feb 19,,,,,,,,Climate Nexus-5
 45.5,4,North Carolina,15,45,49,,Feb 16,,,,,,,,WRAL-TV-4
 45.5,4,North Carolina,15,49,45,,Feb 16,,,,,,,,SurveyUSA-4
312.0,1,North Dakota,3,32,65,,Nov 07,,,,,,,,Election 2020-1
 64.0,3,North Dakota,3,38,55,,Mar 05,,,,,,,,DFM Research-3
 30.0,5,North Dakota,3,38,57,,Feb 01,,,,,,,,DFM Research-5
312.0,1,Ohio,18,45,53,,Nov 07,,,,,,,,Election 2020-1
305.5,2,Ohio,18,45,49,,Nov 01,,,,,,,,Pulse Opinion Research-2
305.5,2,Ohio,18,47,47,,Nov 01,,,,,,,,Research Co.-2
304.5,4,Ohio,18,48,49,,Nov 01,,,,,,,,Civiqs-4
304.0,3,Ohio,18,50,49,,Oct 31,,,,,,,,Emerson Coll.-3
304.0,5,Ohio,18,47,43,,Nov 01,,,,,,,,Quinnipiac U.-5
303.5,2,Ohio,18,47,50,,Oct 30,,,,,,,,AtlasIntel-2
300.5,10,Ohio,18,47,49,,Oct 31,,,,,,,,Morning Consult-10
299.0,5,Ohio,18,48,43,,Oct 27,,,,,,,,Quinnipiac U.-5
292.5,2,Ohio,18,48,47,,Oct 19,,,,,,,,Pulse Opinion Research-2
292.5,4,Ohio,18,43,44,,Oct 20,,,,,,,,Citizen Data-4
292.5,4,Ohio,18,45,48,,Oct 20,,,,,,,,Fox News-4
289.5,10,Ohio,18,47,49,,Oct 20,,,,,,,,Morning Consult-10
284.0,5,Ohio,18,48,47,,Oct 12,,,,,,,,Quinnipiac U.-5
283.5,4,Ohio,18,47,50,,Oct 11,,,,,,,,Civiqs-4
280.5,10,Ohio,18,46,49,,Oct 11,,,,,,,,Morning Consult-10
278.0,5,Ohio,18,45,44,,Oct 06,,,,,,,,Siena Coll.-5
278.0,9,Ohio,18,45,47,,Oct 08,,,,,,,,Baldwin Wallace U.-9
275.0,3,Ohio,18,47,47,,Oct 02,,,,,,,,YouGov-3
265.5,4,Ohio,18,50,45,,Sep 23,,,,,,,,Fox News-4
263.0,5,Ohio,18,48,47,,Sep 21,,,,,,,,Quinnipiac U.-5
259.0,15,Ohio,18,45,44,,Sep 22,,,,,,,,Baldwin Wallace U.-15
257.0,5,Ohio,18,45,48,,Sep 15,,,,,,,,Civiqs-5
245.5,2,Ohio,18,51,47,,Sep 02,,,,,,,,Pulse Opinion Research-2
238.5,10,Ohio,18,45,50,,Aug 30,,,,,,,,Morning Consult-10
228.0,5,Ohio,18,47,47,,Aug 17,,,,,,,,Civiqs-5
213.0,7,Ohio,18,47,46,,Aug 03,,,,,,,,TargetSmart-7
204.5,4,Ohio,18,45,46,,Jul 24,,,,,,,,YouGov-4
204.0,3,Ohio,18,43,41,,Jul 23,,,,,,,,Zogby Analytics-3
203.5,10,Ohio,18,45,48,,Jul 26,,,,,,,,Morning Consult-10
197.5,2,Ohio,18,50,46,,Jul 16,,,,,,,,Pulse Opinion Research-2
186.5,22,Ohio,18,46,42,,Jul 15,,,,,,,,U. of Akron-22
172.0,5,Ohio,18,46,45,,Jun 22,,,,,,,,Quinnipiac U.-5
152.5,4,Ohio,18,45,43,,Jun 02,,,,,,,,Fox News-4
130.0,3,Ohio,18,49,51,,May 10,,,,,,,,Emerson Coll.-3
113.5,6,Ohio,18,45,44,,Apr 25,,,,,,,,Baldwin Wallace U.-6
 81.0,9,Ohio,18,43,47,,Mar 25,,,,,,,,Baldwin Wallace U.-9
 72.5,6,Ohio,18,49,45,,Mar 15,,,,,,,,Marist Coll.-6
312.0,1,Oklahoma,7,32,65,,Nov 07,,,,,,,,Election 2020-1
291.5,6,Oklahoma,7,37,59,,Oct 20,,,,,,,,Sooner Poll-6
249.0,7,Oklahoma,7,35,60,,Sep 08,,,,,,,,Sooner Poll-7
235.0,19,Oklahoma,7,35,60,,Aug 31,,,,,,,,Sooner Poll-19
155.5,2,Oklahoma,7,36,55,,Jun 04,,,,,,,,Amber Integrated-2
 66.5,4,Oklahoma,7,33,57,,Mar 08,,,,,,,,Amber Integrated-4
 42.5,4,Oklahoma,7,34,62,,Feb 13,,,,,,,,Cole Hargrave Snodgrass-4
312.0,1,Oregon,7,57,40,,Nov 07,,,,,,,,Election 2020-1
271.5,4,Oregon,7,56,39,,Sep 29,,,,,,,,Civiqs-4
249.5,6,Oregon,7,51,39,,Sep 08,,,,,,,,DHM Research-6
312.0,1,Pennsylvania,20,44,44,,Nov 07,,,,,,,,Election 2020-1
305.5,2,Pennsylvania,20,50,44,,Nov 01,,,,,,,,Research Co.-2
305.5,2,Pennsylvania,20,50,47,,Nov 01,,,,,,,,Pulse Opinion Research-2
305.0,3,Pennsylvania,20,51,49,,Nov 01,,,,,,,,AYTM-3
304.5,4,Pennsylvania,20,51,46,,Nov 01,,,,,,,,Marist Coll.-4
304.0,5,Pennsylvania,20,51,44,,Nov 01,,,,,,,,Monmouth U.-5
303.5,2,Pennsylvania,20,49,50,,Oct 30,,,,,,,,AtlasIntel-2
303.5,2,Pennsylvania,20,52,47,,Oct 30,,,,,,,,Emerson Coll.-2
303.5,6,Pennsylvania,20,52,46,,Nov 01,,,,,,,,Ipsos-6
302.5,2,Pennsylvania,20,52,45,,Oct 29,,,,,,,,PPP-2
302.5,6,Pennsylvania,20,49,43,,Oct 31,,,,,,,,Siena Coll.-6
301.5,4,Pennsylvania,20,50,45,,Oct 29,,,,,,,,Redfield and Wilton Strategies-4
301.5,4,Pennsylvania,20,51,46,,Oct 29,,,,,,,,HarrisX-4
300.5,6,Pennsylvania,20,51,44,,Oct 29,,,,,,,,Langer Research-6
300.5,10,Pennsylvania,20,52,43,,Oct 31,,,,,,,,Morning Consult-10
300.0,3,Pennsylvania,20,51,45,,Oct 27,,,,,,,,RMG Research-3
299.5,6,Pennsylvania,20,49,44,,Oct 28,,,,,,,,Muhlenberg Coll.-6
299.0,5,Pennsylvania,20,51,44,,Oct 27,,,,,,,,Quinnipiac U.-5
298.5,4,Pennsylvania,20,52,45,,Oct 26,,,,,,,,Civiqs-4
297.0,7,Pennsylvania,20,50,45,,Oct 26,,,,,,,,Ipsos-7
296.0,7,Pennsylvania,20,50,44,,Oct 25,,,,,,,,Franklin+Marshall Coll.-7
295.5,2,Pennsylvania,20,51,46,,Oct 22,,,,,,,,PPP-2
295.0,9,Pennsylvania,20,50,45,,Oct 25,,,,,,,,Latino Decisions-9
293.0,5,Pennsylvania,20,52,46,,Oct 21,,,,,,,,Civiqs-5
292.5,2,Pennsylvania,20,50,47,,Oct 19,,,,,,,,Pulse Opinion Research-2
292.5,4,Pennsylvania,20,44,39,,Oct 20,,,,,,,,Citizen Data-4
292.5,4,Pennsylvania,20,50,45,,Oct 20,,,,,,,,Fox News-4
291.5,4,Pennsylvania,20,51,43,,Oct 19,,,,,,,,Quinnipiac U.-4
291.5,6,Pennsylvania,20,53,43,,Oct 20,,,,,,,,SSRS-6
291.0,5,Pennsylvania,20,49,42,,Oct 19,,,,,,,,Suffolk U.-5
291.0,9,Pennsylvania,20,52,44,,Oct 21,,,,,,,,YouGov-9
290.5,8,Pennsylvania,20,51,44,,Oct 20,,,,,,,,Muhlenberg Coll.-8
290.0,7,Pennsylvania,20,49,45,,Oct 19,,,,,,,,Ipsos-7
289.5,10,Pennsylvania,20,52,43,,Oct 20,,,,,,,,Morning Consult-10
287.5,4,Pennsylvania,20,51,46,,Oct 15,,,,,,,,HarrisX-4
285.5,4,Pennsylvania,20,51,43,,Oct 13,,,,,,,,Redfield and Wilton Strategies-4
283.5,4,Pennsylvania,20,52,45,,Oct 11,,,,,,,,Civiqs-4
283.5,6,Pennsylvania,20,49,43,,Oct 12,,,,,,,,RMG Research-6
282.5,6,Pennsylvania,20,51,44,,Oct 11,,,,,,,,Ipsos-6
280.5,10,Pennsylvania,20,52,44,,Oct 11,,,,,,,,Morning Consult-10
279.0,3,Pennsylvania,20,49,42,,Oct 06,,,,,,,,Redfield and Wilton Strategies-3
278.5,2,Pennsylvania,20,50,45,,Oct 05,,,,,,,,Emerson Coll.-2
278.0,9,Pennsylvania,20,50,45,,Oct 08,,,,,,,,Baldwin Wallace U.-9
277.0,5,Pennsylvania,20,54,41,,Oct 05,,,,,,,,Quinnipiac U.-5
276.0,5,Pennsylvania,20,54,43,,Oct 04,,,,,,,,Monmouth U.-5
276.0,7,Pennsylvania,20,50,45,,Oct 05,,,,,,,,Ipsos-7
275.0,3,Pennsylvania,20,49,42,,Oct 02,,,,,,,,Siena Coll.-3
275.0,3,Pennsylvania,20,51,44,,Oct 02,,,,,,,,YouGov-3
270.0,3,Pennsylvania,20,49,40,,Sep 27,,,,,,,,Siena Coll.-3
269.0,3,Pennsylvania,20,50,45,,Sep 26,,,,,,,,TIPP-3
268.0,3,Pennsylvania,20,50,44,,Sep 25,,,,,,,,Redfield and Wilton Strategies-3
267.5,6,Pennsylvania,20,54,45,,Sep 26,,,,,,,,Langer Research-6
265.5,4,Pennsylvania,20,51,44,,Sep 23,,,,,,,,Fox News-4
261.0,7,Pennsylvania,20,48,42,,Sep 20,,,,,,,,Franklin+Marshall Coll.-7
259.5,12,Pennsylvania,20,49,45,,Sep 21,,,,,,,,YouGov-12
259.0,15,Pennsylvania,20,47,45,,Sep 22,,,,,,,,Baldwin Wallace U.-15
257.5,6,Pennsylvania,20,49,46,,Sep 16,,,,,,,,Ipsos-6
257.0,3,Pennsylvania,20,49,44,,Sep 14,,,,,,,,Redfield and Wilton Strategies-3
257.0,5,Pennsylvania,20,52,45,,Sep 15,,,,,,,,Civiqs-5
253.5,4,Pennsylvania,20,48,43,,Sep 11,,,,,,,,Climate Nexus-4
248.5,4,Pennsylvania,20,51,44,,Sep 06,,,,,,,,TargetSmart-4
247.5,8,Pennsylvania,20,53,44,,Sep 07,,,,,,,,Marist Coll.-8
246.5,12,Pennsylvania,20,49,46,,Sep 08,,,,,,,,Benenson Strategy/GS Strategy-12
245.0,5,Pennsylvania,20,48,43,,Sep 03,,,,,,,,Redfield and Wilton Strategies-5
243.0,5,Pennsylvania,20,52,44,,Sep 01,,,,,,,,Quinnipiac U.-5
242.5,4,Pennsylvania,20,49,46,,Aug 31,,,,,,,,Monmouth U.-4
239.0,3,Pennsylvania,20,48,48,,Aug 27,,,,,,,,Pulse Opinion Research-3
238.5,10,Pennsylvania,20,49,45,,Aug 30,,,,,,,,Morning Consult-10
233.0,7,Pennsylvania,20,49,42,,Aug 23,,,,,,,,Franklin+Marshall Coll.-7
229.5,2,Pennsylvania,20,48,41,,Aug 17,,,,,,,,Redfield and Wilton Strategies-2
228.0,5,Pennsylvania,20,51,44,,Aug 17,,,,,,,,Civiqs-5
227.0,7,Pennsylvania,20,49,45,,Aug 17,,,,,,,,Muhlenberg Coll.-7
222.0,3,Pennsylvania,20,53,47,,Aug 10,,,,,,,,Emerson Coll.-3
218.5,4,Pennsylvania,20,49,43,,Aug 07,,,,,,,,YouGov-4
205.0,7,Pennsylvania,20,50,41,,Jul 26,,,,,,,,Franklin+Marshall Coll.-7
204.0,3,Pennsylvania,20,44,43,,Jul 23,,,,,,,,Zogby Analytics-3
203.5,10,Pennsylvania,20,50,42,,Jul 26,,,,,,,,Morning Consult-10
202.0,3,Pennsylvania,20,48,41,,Jul 21,,,,,,,,Redfield and Wilton Strategies-3
201.0,3,Pennsylvania,20,50,39,,Jul 20,,,,,,,,Fox News-3
197.5,2,Pennsylvania,20,51,46,,Jul 16,,,,,,,,Pulse Opinion Research-2
193.0,5,Pennsylvania,20,52,42,,Jul 13,,,,,,,,Monmouth U.-5
167.0,3,Pennsylvania,20,49,39,,Jun 16,,,,,,,,Redfield and Wilton Strategies-3
164.0,9,Pennsylvania,20,50,40,,Jun 16,,,,,,,,Siena Coll.-9
160.5,6,Pennsylvania,20,49,46,,Jun 11,,,,,,,,Civiqs-6
152.5,4,Pennsylvania,20,49,46,,Jun 02,,,,,,,,Civiqs-4
133.0,5,Pennsylvania,20,48,39,,May 14,,,,,,,,Redfield and Wilton Strategies-5
114.5,6,Pennsylvania,20,49,43,,Apr 26,,,,,,,,Harper Polling-6
111.5,2,Pennsylvania,20,51,44,,Apr 21,,,,,,,,PPP-2
110.5,4,Pennsylvania,20,50,42,,Apr 21,,,,,,,,Fox News-4
108.5,6,Pennsylvania,20,46,40,,Apr 20,,,,,,,,Ipsos-6
 97.0,5,Pennsylvania,20,47,47,,Apr 08,,,,,,,,Civiqs-5
 81.0,9,Pennsylvania,20,45,46,,Mar 25,,,,,,,,Baldwin Wallace U.-9
 76.0,5,Pennsylvania,20,46,48,,Mar 18,,,,,,,,Civiqs-5
 67.0,3,Pennsylvania,20,46,40,,Mar 08,,,,,,,,YouGov-3
 60.5,6,Pennsylvania,20,46,48,,Mar 03,,,,,,,,Civiqs-6
 47.0,9,Pennsylvania,20,47,47,,Feb 20,,,,,,,,Muhlenberg Coll.-9
 46.5,10,Pennsylvania,20,46,45,,Feb 20,,,,,,,,YouGov-10
 46.0,7,Pennsylvania,20,50,42,,Feb 18,,,,,,,,Quinnipiac U.-7
 43.0,13,Pennsylvania,20,47,42,,Feb 18,,,,,,,,Expedition Strategies-13
312.0,1,Rhode Island,4,59,39,,Nov 07,,,,,,,,Election 2020-1
  2.0,1,Rhode Island,4,55,40,,Jan 02,,,,,,,,Election 2016-1
312.0,1,South Carolina,9,42,57,,Nov 07,,,,,,,,Election 2020-1
300.5,10,South Carolina,9,45,51,,Oct 31,,,,,,,,Morning Consult-10
298.5,2,South Carolina,9,44,52,,Oct 25,,,,,,,,East Carolina U.-2
289.5,10,South Carolina,9,45,51,,Oct 20,,,,,,,,Morning Consult-10
286.0,7,South Carolina,9,41,49,,Oct 15,,,,,,,,Siena Coll.-7
280.5,10,South Carolina,9,42,54,,Oct 11,,,,,,,,Morning Consult-10
269.0,5,South Carolina,9,47,48,,Sep 27,,,,,,,,Quinnipiac U.-5
267.5,4,South Carolina,9,42,52,,Sep 25,,,,,,,,YouGov-4
259.5,10,South Carolina,9,44,50,,Sep 20,,,,,,,,Morning Consult-10
256.0,5,South Carolina,9,45,51,,Sep 14,,,,,,,,Quinnipiac U.-5
214.0,5,South Carolina,9,42,47,,Aug 03,,,,,,,,Quinnipiac U.-5
210.5,10,South Carolina,9,44,49,,Aug 02,,,,,,,,Morning Consult-10
145.5,4,South Carolina,9,42,52,,May 26,,,,,,,,Civiqs-4
 60.5,4,South Carolina,9,48,52,,Mar 02,,,,,,,,Emerson Coll.-4
 57.5,4,South Carolina,9,42,48,,Feb 28,,,,,,,,AtlasIntel-4
 32.0,3,South Carolina,9,40,52,,Feb 02,,,,,,,,East Carolina U.-3
312.0,1,South Dakota,3,33,64,,Nov 07,,,,,,,,Election 2020-1
294.0,3,South Dakota,3,40,51,,Oct 21,,,,,,,,Mason Dixon-3
312.0,1,Tennessee,11,37,61,,Nov 07,,,,,,,,Election 2020-1
134.5,18,Tennessee,11,42,51,,May 22,,,,,,,,SSRS-18
117.5,10,Tennessee,11,36,53,,May 01,,,,,,,,East Tennessee State U.-10
 29.0,3,Tennessee,11,39,55,,Jan 30,,,,,,,,Mason-Dixon-3
312.0,1,Texas,38,46,52,,Nov 07,,,,,,,,Election 2020-1
304.5,2,Texas,38,47,50,,Oct 31,,,,,,,,AtlasIntel-2
304.0,3,Texas,38,49,50,,Oct 31,,,,,,,,Emerson Coll.-3
302.5,2,Texas,38,50,48,,Oct 29,,,,,,,,PPP-2
301.5,2,Texas,38,46,50,,Oct 28,,,,,,,,RMG Research-2
300.5,10,Texas,38,48,48,,Oct 31,,,,,,,,Morning Consult-10
297.0,7,Texas,38,47,48,,Oct 26,,,,,,,,U. of Mass.-7
296.5,6,Texas,38,43,47,,Oct 25,,,,,,,,Siena Coll.-6
295.0,9,Texas,38,46,49,,Oct 25,,,,,,,,Latino Decisions-9
292.5,4,Texas,38,49,45,,Oct 20,,,,,,,,Citizen Data-4
291.5,4,Texas,38,47,47,,Oct 19,,,,,,,,Quinnipiac U.-4
290.5,8,Texas,38,45,50,,Oct 20,,,,,,,,YouGov-8
290.5,8,Texas,38,48,45,,Oct 20,,,,,,,,U. of Texas-8
289.5,10,Texas,38,48,47,,Oct 20,,,,,,,,Morning Consult-10
281.5,2,Texas,38,50,49,,Oct 08,,,,,,,,PPP-2
280.5,10,Texas,38,47,49,,Oct 11,,,,,,,,Morning Consult-10
279.5,2,Texas,38,44,51,,Oct 06,,,,,,,,Pulse Opinion Research-2
278.5,4,Texas,38,48,48,,Oct 06,,,,,,,,Civiqs-4
273.5,10,Texas,38,45,50,,Oct 04,,,,,,,,YouGov-10
269.5,2,Texas,38,48,48,,Sep 26,,,,,,,,PPP-2
265.5,8,Texas,38,46,50,,Sep 25,,,,,,,,U. of Mass.-8
263.0,5,Texas,38,45,50,,Sep 21,,,,,,,,Quinnipiac U.-5
263.0,7,Texas,38,43,46,,Sep 22,,,,,,,,Siena Coll.-7
260.5,4,Texas,38,46,48,,Sep 18,,,,,,,,YouGov-4
245.5,2,Texas,38,47,48,,Sep 02,,,,,,,,PPP-2
243.5,6,Texas,38,46,48,,Sep 02,,,,,,,,U. of Texas-6
238.5,10,Texas,38,47,48,,Aug 30,,,,,,,,Morning Consult-10
234.5,2,Texas,38,48,47,,Aug 22,,,,,,,,PPP-2
221.5,10,Texas,38,41,48,,Aug 13,,,,,,,,YouGov-10
210.5,10,Texas,38,47,46,,Aug 02,,,,,,,,Morning Consult-10
203.5,10,Texas,38,47,45,,Jul 26,,,,,,,,Morning Consult-10
200.0,5,Texas,38,45,44,,Jul 20,,,,,,,,Quinnipiac U.-5
190.5,4,Texas,38,45,46,,Jul 10,,,,,,,,YouGov-4
185.0,9,Texas,38,48,43,,Jul 07,,,,,,,,U. of Texas-9
176.5,2,Texas,38,48,46,,Jun 25,,,,,,,,PPP-2
176.0,11,Texas,38,44,48,,Jun 29,,,,,,,,YouGov-11
173.5,4,Texas,38,45,44,,Jun 23,,,,,,,,Fox News-4
170.5,2,Texas,38,46,48,,Jun 19,,,,,,,,PPP-2
155.5,2,Texas,38,48,48,,Jun 04,,,,,,,,PPP-2
151.0,5,Texas,38,43,44,,Jun 01,,,,,,,,Quinnipiac U.-5
130.0,3,Texas,38,48,52,,May 10,,,,,,,,Emerson Coll.-3
118.5,2,Texas,38,47,46,,Apr 28,,,,,,,,PPP-2
113.5,10,Texas,38,43,43,,Apr 27,,,,,,,,U. of Texas-10
105.5,10,Texas,38,44,49,,Apr 19,,,,,,,,YouGov-10
 58.5,8,Texas,38,43,47,,Mar 02,,,,,,,,AtlasIntel-8
 56.0,5,Texas,38,45,49,,Feb 27,,,,,,,,Marist Coll.-5
 55.0,5,Texas,38,48,47,,Feb 26,,,,,,,,SSRS-5
 52.5,10,Texas,38,44,45,,Feb 26,,,,,,,,U. of Texas-10
 35.5,10,Texas,38,43,47,,Feb 09,,,,,,,,YouGov-10
 25.5,10,Texas,38,44,46,,Jan 30,,,,,,,,U. of Texas-10
 18.5,6,Texas,38,40,54,,Jan 21,,,,,,,,Data for Progress-6
 14.5,10,Texas,38,46,51,,Jan 19,,,,,,,,Texas Lyceum-10
312.0,1,Utah,6,38,58,,Nov 07,,,,,,,,Election 2020-1
293.5,10,Utah,6,44,51,,Oct 24,,,,,,,,Y2 Analytics-10
288.5,6,Utah,6,38,50,,Oct 17,,,,,,,,RMG Research-6
274.0,9,Utah,6,40,50,,Oct 04,,,,,,,,Y2 Analytics-9
253.5,6,Utah,6,35,53,,Sep 12,,,,,,,,RMG Research-6
211.5,6,Utah,6,31,50,,Aug 01,,,,,,,,RMG Research-6
133.0,7,Utah,6,41,44,,May 15,,,,,,,,Y2 Analytics-7
 85.5,10,Utah,6,41,46,,Mar 30,,,,,,,,Y2 Analytics-10
 18.5,8,Utah,6,31,49,,Jan 22,,,,,,,,RMG Research-8
312.0,1,Vermont,3,65,32,,Nov 07,,,,,,,,Election 2020-1
253.0,13,Vermont,3,56,32,,Sep 15,,,,,,,,Braun Research-13
312.0,1,Virginia,13,53,45,,Nov 07,,,,,,,,Election 2020-1
300.0,7,Virginia,13,53,42,,Oct 29,,,,,,,,Roanoke Coll.-7
295.0,13,Virginia,13,53,41,,Oct 27,,,,,,,,Christopher Newport U.-13
291.5,10,Virginia,13,51,39,,Oct 22,,,,,,,,Virginia Commonwealth U.-10
290.0,7,Virginia,13,52,41,,Oct 19,,,,,,,,George Mason U.-7
286.5,4,Virginia,13,55,42,,Oct 14,,,,,,,,Civiqs-4
284.0,3,Virginia,13,51,42,,Oct 11,,,,,,,,Cygnal-3
280.0,13,Virginia,13,53,38,,Oct 12,,,,,,,,Roanoke Coll.-13
267.5,4,Virginia,13,52,41,,Sep 25,,,,,,,,Cygnal-4
259.0,13,Virginia,13,48,43,,Sep 21,,,,,,,,Christopher Newport U.-13
246.0,11,Virginia,13,53,39,,Sep 07,,,,,,,,Virginia Commonwealth U.-11
228.5,14,Virginia,13,53,39,,Aug 22,,,,,,,,Roanoke Coll.-14
203.5,10,Virginia,13,52,41,,Jul 26,,,,,,,,Morning Consult-10
197.0,9,Virginia,13,50,39,,Jul 19,,,,,,,,Virginia Commonwealth U.-9
130.5,14,Virginia,13,51,39,,May 16,,,,,,,,Roanoke Coll.-14
 92.0,15,Virginia,13,51,41,,Apr 08,,,,,,,,Virginia Commonwealth U.-15
 57.5,4,Virginia,13,45,38,,Feb 28,,,,,,,,Hampton University-4
 44.5,10,Virginia,13,48,40,,Feb 18,,,,,,,,Roanoke Coll.-10
312.0,1,Washington,12,61,37,,Nov 07,,,,,,,,Election 2020-1
288.5,2,Washington,12,60,37,,Oct 15,,,,,,,,PPP-2
284.0,5,Washington,12,55,34,,Oct 12,,,,,,,,SurveyUSA-5
255.0,7,Washington,12,58,36,,Sep 14,,,,,,,,Strategies 360-7
206.5,6,Washington,12,62,28,,Jul 27,,,,,,,,SurveyUSA-6
140.5,2,Washington,12,59,37,,May 20,,,,,,,,PPP-2
138.5,4,Washington,12,57,31,,May 19,,,,,,,,SurveyUSA-4
 94.0,7,Washington,12,52,39,,Apr 06,,,,,,,,EMC Research-7
 65.0,3,Washington,12,57,34,,Mar 06,,,,,,,,SurveyUSA-3
312.0,1,West Virginia,5,30,69,,Nov 07,,,,,,,,Election 2020-1
293.5,2,West Virginia,5,38,58,,Oct 20,,,,,,,,Triton Polling and Res.-2
277.5,6,West Virginia,5,39,53,,Oct 06,,,,,,,,Research America Inc.-6
273.5,2,West Virginia,5,38,56,,Sep 30,,,,,,,,Triton Polling and Res.-2
312.0,1,Wisconsin,10,50,49,,Nov 07,,,,,,,,Election 2020-1
305.5,2,Wisconsin,10,50,42,,Nov 01,,,,,,,,Research Co.-2
304.5,2,Wisconsin,10,51,49,,Oct 31,,,,,,,,AtlasIntel-2
304.5,4,Wisconsin,10,51,47,,Nov 01,,,,,,,,Civiqs-4
303.5,2,Wisconsin,10,53,45,,Oct 30,,,,,,,,Emerson Coll.-2
303.5,6,Wisconsin,10,53,45,,Nov 01,,,,,,,,Ipsos-6
302.0,5,Wisconsin,10,52,41,,Oct 30,,,,,,,,Siena Coll.-5
301.5,4,Wisconsin,10,53,41,,Oct 29,,,,,,,,Redfield and Wilton Strategies-4
300.5,8,Wisconsin,10,52,44,,Oct 30,,,,,,,,SSRS-8
300.5,10,Wisconsin,10,54,41,,Oct 31,,,,,,,,Morning Consult-10
297.0,5,Wisconsin,10,48,43,,Oct 25,,,,,,,,Marquette Law School-5
297.0,7,Wisconsin,10,53,44,,Oct 26,,,,,,,,Ipsos-7
296.5,6,Wisconsin,10,57,40,,Oct 25,,,,,,,,Langer Research-6
292.5,4,Wisconsin,10,49,44,,Oct 20,,,,,,,,Fox News-4
291.0,7,Wisconsin,10,50,44,,Oct 20,,,,,,,,RMG Research-7
291.0,9,Wisconsin,10,53,44,,Oct 21,,,,,,,,YouGov-9
290.5,6,Wisconsin,10,50,45,,Oct 19,,,,,,,,Latino Decisions-6
290.0,7,Wisconsin,10,51,43,,Oct 19,,,,,,,,Ipsos-7
289.5,10,Wisconsin,10,54,42,,Oct 20,,,,,,,,Morning Consult-10
288.5,4,Wisconsin,10,51,46,,Oct 16,,,,,,,,YouGov-4
285.5,4,Wisconsin,10,53,40,,Oct 13,,,,,,,,Redfield and Wilton Strategies-4
283.5,4,Wisconsin,10,51,41,,Oct 11,,,,,,,,Siena Coll.-4
283.5,4,Wisconsin,10,53,45,,Oct 11,,,,,,,,Civiqs-4
282.5,6,Wisconsin,10,51,44,,Oct 11,,,,,,,,Ipsos-6
280.5,10,Wisconsin,10,51,44,,Oct 11,,,,,,,,Morning Consult-10
279.5,4,Wisconsin,10,51,41,,Oct 07,,,,,,,,Redfield and Wilton Strategies-4
278.0,9,Wisconsin,10,49,43,,Oct 08,,,,,,,,Baldwin Wallace U.-9
276.0,5,Wisconsin,10,47,42,,Oct 04,,,,,,,,Marquette Law School-5
276.0,7,Wisconsin,10,50,44,,Oct 05,,,,,,,,Ipsos-7
269.0,5,Wisconsin,10,48,43,,Sep 27,,,,,,,,Redfield and Wilton Strategies-5
266.0,5,Wisconsin,10,54,44,,Sep 24,,,,,,,,Marist Coll.-5
259.5,12,Wisconsin,10,50,46,,Sep 21,,,,,,,,YouGov-12
259.0,15,Wisconsin,10,50,41,,Sep 22,,,,,,,,Baldwin Wallace U.-15
258.0,5,Wisconsin,10,47,41,,Sep 16,,,,,,,,Redfield and Wilton Strategies-5
257.5,6,Wisconsin,10,48,43,,Sep 16,,,,,,,,Ipsos-6
257.0,5,Wisconsin,10,51,44,,Sep 15,,,,,,,,Civiqs-5
255.0,5,Wisconsin,10,52,42,,Sep 13,,,,,,,,SSRS-5
254.5,6,Wisconsin,10,52,46,,Sep 13,,,,,,,,Langer Research-6
253.0,3,Wisconsin,10,48,43,,Sep 10,,,,,,,,Siena Coll.-3
251.0,3,Wisconsin,10,51,44,,Sep 08,,,,,,,,Emerson Coll.-3
249.5,10,Wisconsin,10,50,43,,Sep 10,,,,,,,,Morning Consult-10
247.0,3,Wisconsin,10,50,44,,Sep 04,,,,,,,,YouGov-3
246.5,12,Wisconsin,10,50,45,,Sep 08,,,,,,,,Benenson Strategy/GS Strategy-12
245.5,2,Wisconsin,10,51,43,,Sep 02,,,,,,,,Pulse Opinion Research-2
245.5,6,Wisconsin,10,50,41,,Sep 04,,,,,,,,Redfield and Wilton Strategies-6
245.0,5,Wisconsin,10,48,44,,Sep 03,,,,,,,,Marquette Law School-5
243.5,4,Wisconsin,10,50,42,,Sep 01,,,,,,,,Fox News-4
238.5,10,Wisconsin,10,52,43,,Aug 30,,,,,,,,Morning Consult-10
237.5,8,Wisconsin,10,53,40,,Aug 28,,,,,,,,Opinium-8
230.5,4,Wisconsin,10,49,39,,Aug 19,,,,,,,,Redfield and Wilton Strategies-4
228.0,5,Wisconsin,10,51,45,,Aug 17,,,,,,,,Civiqs-5
224.5,10,Wisconsin,10,49,43,,Aug 16,,,,,,,,Morning Consult-10
219.5,6,Wisconsin,10,50,46,,Aug 09,,,,,,,,Marquette Law School-6
218.5,2,Wisconsin,10,55,43,,Aug 06,,,,,,,,Pulse Opinion Research-2
218.5,4,Wisconsin,10,48,42,,Aug 07,,,,,,,,YouGov-4
203.5,6,Wisconsin,10,45,35,,Jul 24,,,,,,,,Redfield and Wilton Strategies-6
203.5,10,Wisconsin,10,50,43,,Jul 26,,,,,,,,Morning Consult-10
168.5,6,Wisconsin,10,45,36,,Jun 19,,,,,,,,Redfield and Wilton Strategies-6
168.0,5,Wisconsin,10,51,42,,Jun 18,,,,,,,,Marquette Law School-5
163.5,8,Wisconsin,10,49,38,,Jun 15,,,,,,,,Siena Coll.-8
152.5,4,Wisconsin,10,49,40,,Jun 02,,,,,,,,Fox News-4
133.0,5,Wisconsin,10,48,38,,May 14,,,,,,,,Redfield and Wilton Strategies-5
126.0,5,Wisconsin,10,46,43,,May 07,,,,,,,,Marquette Law School-5
111.5,2,Wisconsin,10,50,45,,Apr 21,,,,,,,,PPP-2
108.5,6,Wisconsin,10,43,40,,Apr 20,,,,,,,,Ipsos-6
 86.5,6,Wisconsin,10,48,45,,Mar 29,,,,,,,,Marquette Law School-6
 81.0,9,Wisconsin,10,45,45,,Mar 25,,,,,,,,Baldwin Wallace U.-9
 70.5,2,Wisconsin,10,48,45,,Mar 11,,,,,,,,PPP-2
 67.0,3,Wisconsin,10,44,42,,Mar 08,,,,,,,,YouGov-3
 52.0,5,Wisconsin,10,46,46,,Feb 23,,,,,,,,Marquette Law School-5
 46.5,10,Wisconsin,10,45,43,,Feb 20,,,,,,,,YouGov-10
 46.0,7,Wisconsin,10,42,49,,Feb 18,,,,,,,,Quinnipiac U.-7
 43.0,13,Wisconsin,10,42,44,,Feb 18,,,,,,,,Expedition Strategies-13
 10.0,5,Wisconsin,10,49,45,,Jan 12,,,,,,,,Marquette Law School-5
  6.5,4,Wisconsin,10,46,41,,Jan 08,,,,,,,,Fox News-4
312.0,1,Wyoming,3,27,70,,Nov 07,,,,,,,,Election 2020-1
292.0,21,Wyoming,3,31,59,,Oct 28,,,,,,,,U. of Wyoming-21
